INFO         | Android emulator version 37.1.11.0 (build_id 15917651) (CL:N/A)
INFO         | Graphics backend: gfxstream
DEBUG   | Current emulator version 37.1.11 is the same as the required version 37.1.11.
INFO         | Deleting C:\Users\Админ\.android\avd\..\avd\Television_1080p.avd\bootcompleted.ini done
INFO         | Deleting C:\Users\Админ\.android\avd\..\avd\Television_1080p.avd\snapshot.trace done
INFO         | Found AVD name 'Television_1080p'
INFO         | Found AVD target architecture: x86_64
INFO         | argv[0]: 'C:\Android\emulator\emulator.exe'; program directory: 'C:\Android\emulator'
INFO         | Found systemPath C:\Android\system-images\android-36\google-tv\x86_64\
DEBUG   | autoconfig: -skin tv_1080p
DEBUG   | autoconfig: -skindir C:\Android\skins\
INFO         | Saving last run QEMU version for the AVD to 2
ERROR        | avdInfo_setLastRunQemuVersion: Could not write file: C:\Users\Админ\.android\avd\..\avd\Television_1080p.avd\qemu-version.txt
DEBUG   | init, loading C:\Android\emulator\lib\advancedFeatures.ini
DEBUG   | FeatureControl::initHostFeatureAndParseDefault: GLPipeChecksum = on
DEBUG   | FeatureControl::initHostFeatureAndParseDefault: ForceANGLE = off
DEBUG   | FeatureControl::initHostFeatureAndParseDefault: ForceSwiftshader = off
DEBUG   | FeatureControl::initHostFeatureAndParseDefault: HYPERV = off
DEBUG   | FeatureControl::initHostFeatureAndParseDefault: HVF = on
DEBUG   | FeatureControl::initHostFeatureAndParseDefault: KVM = off
DEBUG   | FeatureControl::initHostFeatureAndParseDefault: FastSnapshotV1 = on
DEBUG   | FeatureControl::initHostFeatureAndParseDefault: ScreenRecording = on
DEBUG   | FeatureControl::initHostFeatureAndParseDefault: VirtualScene = on
DEBUG   | FeatureControl::initHostFeatureAndParseDefault: VideoPlayback = off
DEBUG   | FeatureControl::initHostFeatureAndParseDefault: GenericSnapshotsUI = on
DEBUG   | FeatureControl::initHostFeatureAndParseDefault: WindowsOnDemandSnapshotLoad = on
DEBUG   | FeatureControl::initHostFeatureAndParseDefault: WindowsHypervisorPlatform = on
DEBUG   | FeatureControl::initHostFeatureAndParseDefault: LocationUiV2 = on
DEBUG   | FeatureControl::initHostFeatureAndParseDefault: SnapshotAdb = off
DEBUG   | FeatureControl::initHostFeatureAndParseDefault: QuickbootFileBacked = on
DEBUG   | FeatureControl::initHostFeatureAndParseDefault: OnDemandSnapshotLoad = off
DEBUG   | FeatureControl::initHostFeatureAndParseDefault: Vulkan = off
DEBUG   | FeatureControl::initHostFeatureAndParseDefault: IpDisconnectOnLoad = off
DEBUG   | FeatureControl::initHostFeatureAndParseDefault: HasSharedSlotsHostMemoryAllocator = on
DEBUG   | FeatureControl::initHostFeatureAndParseDefault: CarVHalTable = on
DEBUG   | FeatureControl::initHostFeatureAndParseDefault: VulkanSnapshots = off
DEBUG   | FeatureControl::initHostFeatureAndParseDefault: DynamicMediaProfile = off
DEBUG   | FeatureControl::initHostFeatureAndParseDefault: CarVhalReplay = on
DEBUG   | FeatureControl::initHostFeatureAndParseDefault: NoDelayCloseColorBuffer = off
DEBUG   | FeatureControl::initHostFeatureAndParseDefault: NoDeviceFrame = off
DEBUG   | FeatureControl::initHostFeatureAndParseDefault: VirtioGpuNativeSync = off
DEBUG   | FeatureControl::initHostFeatureAndParseDefault: VulkanShaderFloat16Int8 = on
DEBUG   | FeatureControl::initHostFeatureAndParseDefault: CarRotary = on
DEBUG   | FeatureControl::initHostFeatureAndParseDefault: TvRemote = on
DEBUG   | FeatureControl::initHostFeatureAndParseDefault: GuestUsesAngle = off
DEBUG   | FeatureControl::initHostFeatureAndParseDefault: VirtioGpuFenceContexts = off
DEBUG   | FeatureControl::initHostFeatureAndParseDefault: AsyncComposeSupport = off
DEBUG   | FeatureControl::initHostFeatureAndParseDefault: VulkanAstcLdrEmulation = on
DEBUG   | FeatureControl::initHostFeatureAndParseDefault: VulkanYcbcrEmulation = off
DEBUG   | FeatureControl::initHostFeatureAndParseDefault: NetsimWebUi = on
DEBUG   | FeatureControl::initHostFeatureAndParseDefault: NetsimCliUi = on
DEBUG   | FeatureControl::initHostFeatureAndParseDefault: WiFiPacketStream = on
DEBUG   | FeatureControl::initHostFeatureAndParseDefault: VulkanAllocateDeviceMemoryOnly = off
DEBUG   | FeatureControl::initHostFeatureAndParseDefault: VulkanAllocateHostMemory = off
DEBUG   | FeatureControl::initHostFeatureAndParseDefault: QtRawKeyboardInput = off
DEBUG   | FeatureControl::initHostFeatureAndParseDefault: BypassVulkanDeviceFeatureOverrides = off
DEBUG   | FeatureControl::initHostFeatureAndParseDefault: VulkanDebugUtils = off
DEBUG   | FeatureControl::initHostFeatureAndParseDefault: VulkanCommandBufferCheckpoints = off
DEBUG   | FeatureControl::initHostFeatureAndParseDefault: VulkanVirtualQueue = on
DEBUG   | FeatureControl::initHostFeatureAndParseDefault: VulkanRobustness = off
DEBUG   | FeatureControl::initHostFeatureAndParseDefault: ForceLavapipe = off
DEBUG   | FeatureControl::initHostFeatureAndParseDefault: ForceLavapipeForSoftwareRendering = off
DEBUG   | FeatureControl::initHostFeatureAndParseDefault: ForceGpuHost = off
DEBUG   | FeatureControl::initHostFeatureAndParseDefault: ForceGpuSoftware = off
DEBUG   | FeatureControl::initHostFeatureAndParseDefault: NetsimX = off
DEBUG   | FeatureControl::initHostFeatureAndParseDefault: VulkanProtectedMemoryEmulation = off
INFO         | Guest usage of host flag 'VulkanVirtualQueue' will be ignored.
DEBUG   | FeatureControl::initGuestFeatureAndParseDefault: GrallocSync = off
DEBUG   | FeatureControl::initGuestFeatureAndParseDefault: GrallocSync (guest) = on
DEBUG   | FeatureControl::initGuestFeatureAndParseDefault: EncryptUserData = on
DEBUG   | FeatureControl::initGuestFeatureAndParseDefault: EncryptUserData (guest) = on
DEBUG   | FeatureControl::initGuestFeatureAndParseDefault: IntelPerformanceMonitoringUnit = on
DEBUG   | FeatureControl::initGuestFeatureAndParseDefault: IntelPerformanceMonitoringUnit (guest) = on
DEBUG   | FeatureControl::initGuestFeatureAndParseDefault: GLAsyncSwap = on
DEBUG   | FeatureControl::initGuestFeatureAndParseDefault: GLAsyncSwap (guest) = on
DEBUG   | FeatureControl::initGuestFeatureAndParseDefault: GLDMA = on
DEBUG   | FeatureControl::initGuestFeatureAndParseDefault: GLDMA (guest) = on
DEBUG   | FeatureControl::initGuestFeatureAndParseDefault: GLDMA2 = on
DEBUG   | FeatureControl::initGuestFeatureAndParseDefault: GLDirectMem = off
DEBUG   | FeatureControl::initGuestFeatureAndParseDefault: GLDirectMem (guest) = on
DEBUG   | FeatureControl::initGuestFeatureAndParseDefault: GLESDynamicVersion = off
DEBUG   | FeatureControl::initGuestFeatureAndParseDefault: GLESDynamicVersion (guest) = on
DEBUG   | FeatureControl::initGuestFeatureAndParseDefault: Wifi = on
DEBUG   | FeatureControl::initGuestFeatureAndParseDefault: PlayStoreImage = on
DEBUG   | FeatureControl::initGuestFeatureAndParseDefault: LogcatPipe = on
DEBUG   | FeatureControl::initGuestFeatureAndParseDefault: LogcatPipe (guest) = on
DEBUG   | FeatureControl::initGuestFeatureAndParseDefault: SystemAsRoot = on
DEBUG   | FeatureControl::initGuestFeatureAndParseDefault: KernelDeviceTreeBlobSupport = on
DEBUG   | FeatureControl::initGuestFeatureAndParseDefault: DynamicPartition = on
DEBUG   | FeatureControl::initGuestFeatureAndParseDefault: DynamicPartition (guest) = on
DEBUG   | FeatureControl::initGuestFeatureAndParseDefault: RefCountPipe = on
DEBUG   | FeatureControl::initGuestFeatureAndParseDefault: RefCountPipe (guest) = on
DEBUG   | FeatureControl::initGuestFeatureAndParseDefault: HostComposition = on
DEBUG   | FeatureControl::initGuestFeatureAndParseDefault: HostComposition (guest) = on
DEBUG   | FeatureControl::initGuestFeatureAndParseDefault: WifiConfigurable = off
DEBUG   | FeatureControl::initGuestFeatureAndParseDefault: VirtioInput = on
DEBUG   | FeatureControl::initGuestFeatureAndParseDefault: VirtioInput (guest) = on
DEBUG   | FeatureControl::initGuestFeatureAndParseDefault: MultiDisplay = on
DEBUG   | FeatureControl::initGuestFeatureAndParseDefault: MultiDisplay (guest) = on
DEBUG   | FeatureControl::initGuestFeatureAndParseDefault: VulkanNullOptionalStrings = on
DEBUG   | FeatureControl::initGuestFeatureAndParseDefault: VulkanNullOptionalStrings (guest) = on
DEBUG   | FeatureControl::initGuestFeatureAndParseDefault: YUV420888toNV21 = on
DEBUG   | FeatureControl::initGuestFeatureAndParseDefault: YUVCache = on
DEBUG   | FeatureControl::initGuestFeatureAndParseDefault: YUVCache (guest) = on
DEBUG   | FeatureControl::initGuestFeatureAndParseDefault: KeycodeForwarding = on
DEBUG   | FeatureControl::initGuestFeatureAndParseDefault: VulkanIgnoredHandles = on
DEBUG   | FeatureControl::initGuestFeatureAndParseDefault: VulkanIgnoredHandles (guest) = on
DEBUG   | FeatureControl::initGuestFeatureAndParseDefault: VirtioGpuNext = on
DEBUG   | FeatureControl::initGuestFeatureAndParseDefault: Mac80211hwsimUserspaceManaged = on
DEBUG   | FeatureControl::initGuestFeatureAndParseDefault: Mac80211hwsimUserspaceManaged (guest) = on
DEBUG   | FeatureControl::initGuestFeatureAndParseDefault: HardwareDecoder = on
DEBUG   | FeatureControl::initGuestFeatureAndParseDefault: HardwareDecoder (guest) = on
DEBUG   | FeatureControl::initGuestFeatureAndParseDefault: VirtioWifi = on
DEBUG   | FeatureControl::initGuestFeatureAndParseDefault: VirtioWifi (guest) = on
DEBUG   | FeatureControl::initGuestFeatureAndParseDefault: ModemSimulator = on
DEBUG   | FeatureControl::initGuestFeatureAndParseDefault: ModemSimulator (guest) = on
DEBUG   | FeatureControl::initGuestFeatureAndParseDefault: VirtioMouse = on
DEBUG   | FeatureControl::initGuestFeatureAndParseDefault: VirtconsoleLogcat = on
DEBUG   | FeatureControl::initGuestFeatureAndParseDefault: VirtconsoleLogcat (guest) = on
DEBUG   | FeatureControl::initGuestFeatureAndParseDefault: VirtioVsockPipe = on
DEBUG   | FeatureControl::initGuestFeatureAndParseDefault: VirtioVsockPipe (guest) = on
DEBUG   | FeatureControl::initGuestFeatureAndParseDefault: VulkanQueueSubmitWithCommands = on
DEBUG   | FeatureControl::initGuestFeatureAndParseDefault: VulkanQueueSubmitWithCommands (guest) = on
DEBUG   | FeatureControl::initGuestFeatureAndParseDefault: VulkanBatchedDescriptorSetUpdate = off
DEBUG   | FeatureControl::initGuestFeatureAndParseDefault: VulkanBatchedDescriptorSetUpdate (guest) = on
DEBUG   | FeatureControl::initGuestFeatureAndParseDefault: Minigbm = on
DEBUG   | FeatureControl::initGuestFeatureAndParseDefault: GnssGrpcV1 = on
DEBUG   | FeatureControl::initGuestFeatureAndParseDefault: AndroidbootProps = on
DEBUG   | FeatureControl::initGuestFeatureAndParseDefault: AndroidbootProps2 = on
DEBUG   | FeatureControl::initGuestFeatureAndParseDefault: AndroidbootProps2 (guest) = on
DEBUG   | FeatureControl::initGuestFeatureAndParseDefault: DeviceSkinOverlay = on
DEBUG   | FeatureControl::initGuestFeatureAndParseDefault: DeviceSkinOverlay (guest) = on
DEBUG   | FeatureControl::initGuestFeatureAndParseDefault: BluetoothEmulation (guest) = on
DEBUG   | FeatureControl::initGuestFeatureAndParseDefault: DeviceStateOnBoot = on
DEBUG   | FeatureControl::initGuestFeatureAndParseDefault: DeviceStateOnBoot (guest) = on
DEBUG   | FeatureControl::initGuestFeatureAndParseDefault: HWCMultiConfigs = on
DEBUG   | FeatureControl::initGuestFeatureAndParseDefault: HWCMultiConfigs (guest) = on
DEBUG   | FeatureControl::initGuestFeatureAndParseDefault: VirtioSndCard = on
DEBUG   | FeatureControl::initGuestFeatureAndParseDefault: VirtioSndCard (guest) = on
DEBUG   | FeatureControl::initGuestFeatureAndParseDefault: VirtioTablet = on
DEBUG   | FeatureControl::initGuestFeatureAndParseDefault: VsockSnapshotLoadFixed_b231345789 = on
DEBUG   | FeatureControl::initGuestFeatureAndParseDefault: DownloadableSnapshot = on
DEBUG   | FeatureControl::initGuestFeatureAndParseDefault: SupportPixelFold = on
DEBUG   | FeatureControl::initGuestFeatureAndParseDefault: DeviceKeyboardHasAssistKey = on
DEBUG   | FeatureControl::initGuestFeatureAndParseDefault: DeviceKeyboardHasAssistKey (guest) = on
DEBUG   | FeatureControl::initGuestFeatureAndParseDefault: Uwb = on
DEBUG   | FeatureControl::initGuestFeatureAndParseDefault: Uwb (guest) = on
DEBUG   | FeatureControl::initGuestFeatureAndParseDefault: GuestAngle = on
DEBUG   | FeatureControl::initGuestFeatureAndParseDefault: AndroidVirtualizationFramework = on
DEBUG   | FeatureControl::initGuestFeatureAndParseDefault: XrModeUI = on
DEBUG   | FeatureControl::initGuestFeatureAndParseDefault: VirtioDualModeMouse = on
DEBUG   | FeatureControl::initGuestFeatureAndParseDefault: DualModeMouseDisplayHostCursor = on
DEBUG   | FeatureControl::initGuestFeatureAndParseDefault: AllAppsForHomeTray = on
DEBUG   | FeatureControl::initGuestFeatureAndParseDefault: MicrophoneToggleUI = on
DEBUG   | FeatureControl::initGuestFeatureAndParseDefault: QemuCameraSensorOrientation = on
DEBUG   | FeatureControl::initGuestFeatureAndParseDefault: XrDimming = on
DEBUG   | FeatureControl::initGuestFeatureAndParseDefault: XrHandAndEyePointers = on
DEBUG   | FeatureControl::initGuestFeatureAndParseDefault: Nfc = off
DEBUG   | FeatureControl::initGuestFeatureAndParseDefault: XrStatusLed = on
DEBUG   | Crash dump message: 'gpu found. vendor id 10de device id 0x2584'
DEBUG   | autoconfig: -kernel C:\Android\system-images\android-36\google-tv\x86_64\\kernel-ranchu
DEBUG   | Target arch = 'x86_64'
DEBUG   | Auto-detect: Kernel image requires new device naming scheme.
DEBUG   | Auto-detect: Kernel does not support YAFFS2 partitions.
DEBUG   | autoconfig: -ramdisk C:\Android\system-images\android-36\google-tv\x86_64\\ramdisk.img
DEBUG   | Using initial system image: C:\Android\system-images\android-36\google-tv\x86_64\\system.img
DEBUG   | Using initial vendor image: C:\Android\system-images\android-36\google-tv\x86_64\\vendor.img
DEBUG   | autoconfig: -data C:\Users\Админ\.android\avd\..\avd\Television_1080p.avd\userdata-qemu.img
DEBUG   | autoconfig: -initdata (null)
DEBUG   | autoconfig: -cache C:\Users\Админ\.android\avd\..\avd\Television_1080p.avd\cache.img
DEBUG   | autoconfig: -sdcard C:\Users\Админ\.android\avd\..\avd\Television_1080p.avd\sdcard.img
DEBUG   | Physical RAM size: 2048MB
DEBUG   | VM heap size 192MB is below hardware specified minimum of 512MB,setting it to that value
DEBUG   | System image is read only
INFO         | IPv4 server found: 8.8.8.8
INFO         | Ignore IPv6 address: 301d:1f54:d401:0:e014:1f54:d401:0
INFO         | Ignore IPv6 address: 301d:1f54:d401:0:e014:1f54:d401:0
INFO         | Ignore IPv6 address: 301d:1f54:d401:0:e014:1f54:d401:0
INFO         | Ignore IPv6 address: 823:1f54:d401:0:e014:1f54:d401:0
INFO         | Ignore IPv6 address: 823:1f54:d401:0:e014:1f54:d401:0
INFO         | Ignore IPv6 address: 823:1f54:d401:0:e014:1f54:d401:0
DEBUG   | Found 1 DNS servers:
DEBUG   | 	8.8.8.8
INFO         | Guest GLES Driver: Auto (ext controls)
DEBUG   | FeatureControl::setIfNotOverriden: ForceSwiftshader is changed to enabled
DEBUG   | emuglConfig_init: gpu_mode_requested: swiftshader, no_window: 0

DEBUG   | Crash dump message: 'emuglConfig_init: gpu_mode_requested: swiftshader, no_window: 0'
INFO         | emuglConfig_init: vulkan_mode_selected:swiftshader gles_mode_selected:swiftshader
DEBUG   | setCurrentRenderer: swiftshader swiftshader gles:Swiftshader Indirect vulkan:Swiftshader Indirect
DEBUG   | emuglConfig_init: GPU emulation enabled using Vulkan:'swiftshader' GLES:'swiftshader' modes

DEBUG   | Crash dump message: 'emuglConfig_init: GPU emulation enabled using Vulkan:'swiftshader' GLES:'swiftshader' modes'
DEBUG   | Crash dump message: 'Deciding if GLDirectMem/Vulkan should be enabled. Selected GLES renderer: Swiftshader Indirect Selected Vulkan renderer: Swiftshader Indirect API level: 36 '
DEBUG   | Crash dump message: 'Enabling Vulkan'
DEBUG   | FeatureControl::setIfNotOverriden: Vulkan is changed to enabled
DEBUG   | FeatureControl::setIfNotOverriden: GLDirectMem is changed to enabled
DEBUG   | Crash dump message: 'Enabling GLDirectMem'
DEBUG   | GPU emulation enabled using Vulkan:'swiftshader' GLES:'swiftshader' modes
DEBUG   | Adding to the library search path: C:\Android\emulator\lib64\gles_swiftshader

INFO         | Checking system compatibility:
INFO         |   Checking: hasCompatibleHypervisor
DEBUG   | Checking whether Windows Hypervisor Platform (WHPX) is available.
DEBUG   | WinHvPlatform.dll found. Looking for WHvGetCapability...
DEBUG   | WHvGetCapability found. Querying WHPX capabilities...
DEBUG   | WHPX (10.0.19045) is installed and usable.
INFO         |      Ok: Hypervisor compatibility to run avd: `Television_1080p` are met
INFO         |   Checking: hasSufficientSystem
INFO         |      Ok: System requirements to run avd: `Television_1080p` are met
INFO         |   Checking: hasSufficientHwGpu
INFO         |      Ok: Hardware GPU compatibility checks are not required
INFO         |   Checking: hasSufficientDiskSpace
INFO         |      Ok: Disk space requirements to run avd: `Television_1080p` are met
DEBUG   | Starting hostapd main loop.
DEBUG   | trying to load skin file 'C:\Android\skins\\tv_1080p\layout'
DEBUG   | CPU Acceleration: working
DEBUG   | CPU Acceleration status: WHPX(10.0.19045) is installed and usable.
DEBUG   | handleCpuAcceleration: feature check for hvf
DEBUG   | FeatureControl::setIfNotOverriden: VsockSnapshotLoadFixed_b231345789 is changed to enabled
DEBUG   | Uwb feature is enabled
DEBUG   | Bluetooth requested by guest
DEBUG   | started modem simulator host server at port: 50208
INFO         | Critical: Failed to load opengl32sw (Не найден указанный модуль.) (:0, )
INFO         | Warning: Software OpenGL failed. Falling back to system OpenGL. (:0, )
DEBUG   | emulator_window_framebuffer_create: 1920x1080

DEBUG   | android::ver::TextureUtils::loadPNG: Loaded PNG C:/Android/skins//tv_1080p//back.png, 2090x1255 (d=8, c=6)
INFO         | Storing crashdata in: C:\Users\7272~1\AppData\Local\Temp\\AndroidEmulator\emu-crash-37.1.11.db, detection is enabled for process: 3084
DEBUG   | FeatureControl::setIfNotOverridenOrGuestDisabled: GLESDynamicVersion is changed to enabled
INFO         | Initializing gfxstream backend
INFO         | startOpenglesRendererImpl: gpu info
INFO         | GPU #1
  Make: 10de
  Model: NVIDIA GeForce RTX 3050
  Device ID: 2584

DEBUG   | gfxstreamFeature:GlPipeChecksum = 1
DEBUG   | gfxstreamFeature:Vulkan = 1
DEBUG   | gfxstreamFeature:HasSharedSlotsHostMemoryAllocator = 1
DEBUG   | gfxstreamFeature:VulkanSnapshots = 0
DEBUG   | gfxstreamFeature:NoDelayCloseColorBuffer = 0
DEBUG   | gfxstreamFeature:VirtioGpuNativeSync = 0
DEBUG   | gfxstreamFeature:VulkanShaderFloat16Int8 = 1
DEBUG   | gfxstreamFeature:NativeTextureDecompression = 0
DEBUG   | gfxstreamFeature:VulkanNativeSwapchain = 0
DEBUG   | gfxstreamFeature:VirtioGpuFenceContexts = 0
DEBUG   | gfxstreamFeature:AsyncComposeSupport = 0
DEBUG   | gfxstreamFeature:ExternalBlob = 0
DEBUG   | gfxstreamFeature:SystemBlob = 0
DEBUG   | gfxstreamFeature:GrallocSync = 0
DEBUG   | gfxstreamFeature:GlAsyncSwap = 1
DEBUG   | gfxstreamFeature:GlDma = 1
DEBUG   | gfxstreamFeature:GlDma2 = 0
DEBUG   | gfxstreamFeature:GlDirectMem = 1
DEBUG   | gfxstreamFeature:GlesDynamicVersion = 1
DEBUG   | gfxstreamFeature:RefCountPipe = 1
DEBUG   | gfxstreamFeature:HostComposition = 1
DEBUG   | gfxstreamFeature:VulkanNullOptionalStrings = 1
DEBUG   | gfxstreamFeature:Yuv420888ToNv21 = 0
DEBUG   | gfxstreamFeature:YuvCache = 1
DEBUG   | gfxstreamFeature:VulkanIgnoredHandles = 1
DEBUG   | gfxstreamFeature:VirtioGpuNext = 0
DEBUG   | gfxstreamFeature:VulkanQueueSubmitWithCommands = 1
DEBUG   | gfxstreamFeature:VulkanBatchedDescriptorSetUpdate = 0
DEBUG   | gfxstreamFeature:Minigbm = 0
DEBUG   | gfxstreamFeature:HwcMultiConfigs = 1
DEBUG   | gfxstreamFeature:VulkanAllocateDeviceMemoryOnly = 0
DEBUG   | gfxstreamFeature:VulkanAllocateHostMemory = 0
DEBUG   | gfxstreamFeature:GuestVulkanOnly = 0
DEBUG   | gfxstreamFeature:BypassVulkanDeviceFeatureOverrides = 0
DEBUG   | gfxstreamFeature:VulkanDebugUtils = 0
DEBUG   | gfxstreamFeature:VulkanCommandBufferCheckpoints = 0
DEBUG   | gfxstreamFeature:VulkanVirtualQueue = 1
DEBUG   | gfxstreamFeature:VulkanRobustness = 0
DEBUG   | gfxstreamFeature:VulkanProtectedMemoryEmulation = 0
DEBUG   | RenderWindow: CMD_INITIALIZE w=1920 h=1080
DEBUG   | FrameBuffer::initialize()
DEBUG   | Creating Framebuffer: 1920x1080, useSubWindow=1
DEBUG   | create display 0
DEBUG   | setDisplayPose 0 x 0 y 0 w 1920 h 1080 dpi 0
INFO         | Disabling implicit Vulkan layers to avoid compatibility issues. Set VK_LOADER_LAYERS_DISABLE manually to disable this behavior.
INFO         | initIcdPaths: ICD set to 'swiftshader', using Swiftshader ICD
INFO         | Setting ICD filenames for the loader = C:\Android\emulator\lib64\vulkan\vk_swiftshader_icd.json
VERBOSE | Enabling error messages from vulkan loader
INFO         | SharedLibrary::open for [C:\Android\emulator\qemu\windows-x86_64\lib64\vulkan\vulkan-1.dll]
VERBOSE | SharedLibrary::open for [C:\Android\emulator\qemu\windows-x86_64\lib64\vulkan\vulkan-1.dll]: not found in map, open for the first time
VERBOSE | SharedLibrary::open for [C:\Android\emulator\qemu\windows-x86_64\lib64\vulkan\vulkan-1.dll] (win32): call LoadLibrary
VERBOSE | Failed to load [C:\Android\emulator\qemu\windows-x86_64\lib64\vulkan\vulkan-1.dll]. Error string: []
DEBUG   | Library cannot be added: C:\Android\emulator\qemu\windows-x86_64\lib64\vulkan\vulkan-1.dll
INFO         | SharedLibrary::open for [C:\Android\emulator\lib64\vulkan\vulkan-1.dll]
VERBOSE | SharedLibrary::open for [C:\Android\emulator\lib64\vulkan\vulkan-1.dll]: not found in map, open for the first time
VERBOSE | SharedLibrary::open for [C:\Android\emulator\lib64\vulkan\vulkan-1.dll] (win32): call LoadLibrary
VERBOSE | SharedLibrary::open succeeded for [C:\Android\emulator\lib64\vulkan\vulkan-1.dll]. File name: [C:\Android\emulator\lib64\vulkan\vulkan-1.dll]
INFO         | Added library: C:\Android\emulator\lib64\vulkan\vulkan-1.dll
DEBUG   | Global loader has instance version = 1.4.344
DEBUG   | global loader has vkEnumerateInstanceVersion returning >= 1.1.
DEBUG   | Creating an instance, asking for version 1.1.0 ...
DEBUG   | Found 1 Vulkan physical device(s).
DEBUG   | Considering Vulkan physical device 0 : SwiftShader Device (LLVM 10.0.0)
DEBUG   | VK_KHR_external_memory_win32 not found, bailing.
DEBUG   | Graphics queue family index: 0
DEBUG   | Compute queue family index: 0
DEBUG   | Not Supported: VK_FORMAT_R8G8B8A8_UNORM VK_IMAGE_TYPE_2D VK_IMAGE_TILING_LINEAR VK_IMAGE_USAGE_COLOR_ATTACHMENT_BIT
DEBUG   | Not Supported: VK_FORMAT_R8G8B8A8_UNORM VK_IMAGE_TYPE_2D VK_IMAGE_TILING_LINEAR VK_IMAGE_USAGE_INPUT_ATTACHMENT_BIT
DEBUG   | Supported: VK_FORMAT_R8G8B8A8_UNORM VK_IMAGE_TYPE_2D VK_IMAGE_TILING_LINEAR VK_IMAGE_USAGE_SAMPLED_BIT, supportsExternalMemory? 0, requiresDedicated? 0
DEBUG   | Supported: VK_FORMAT_R8G8B8A8_UNORM VK_IMAGE_TYPE_2D VK_IMAGE_TILING_LINEAR VK_IMAGE_USAGE_TRANSFER_SRC_BIT, supportsExternalMemory? 0, requiresDedicated? 0
DEBUG   | Supported: VK_FORMAT_R8G8B8A8_UNORM VK_IMAGE_TYPE_2D VK_IMAGE_TILING_LINEAR VK_IMAGE_USAGE_TRANSFER_DST_BIT, supportsExternalMemory? 0, requiresDedicated? 0
DEBUG   | Supported: VK_FORMAT_R8G8B8A8_UNORM VK_IMAGE_TYPE_2D VK_IMAGE_TILING_OPTIMAL VK_IMAGE_USAGE_COLOR_ATTACHMENT_BIT, supportsExternalMemory? 0, requiresDedicated? 0
DEBUG   | Supported: VK_FORMAT_R8G8B8A8_UNORM VK_IMAGE_TYPE_2D VK_IMAGE_TILING_OPTIMAL VK_IMAGE_USAGE_INPUT_ATTACHMENT_BIT, supportsExternalMemory? 0, requiresDedicated? 0
DEBUG   | Supported: VK_FORMAT_R8G8B8A8_UNORM VK_IMAGE_TYPE_2D VK_IMAGE_TILING_OPTIMAL VK_IMAGE_USAGE_SAMPLED_BIT, supportsExternalMemory? 0, requiresDedicated? 0
DEBUG   | Supported: VK_FORMAT_R8G8B8A8_UNORM VK_IMAGE_TYPE_2D VK_IMAGE_TILING_OPTIMAL VK_IMAGE_USAGE_TRANSFER_SRC_BIT, supportsExternalMemory? 0, requiresDedicated? 0
DEBUG   | Supported: VK_FORMAT_R8G8B8A8_UNORM VK_IMAGE_TYPE_2D VK_IMAGE_TILING_OPTIMAL VK_IMAGE_USAGE_TRANSFER_DST_BIT, supportsExternalMemory? 0, requiresDedicated? 0
DEBUG   | Not Supported: VK_FORMAT_R8G8B8_UNORM VK_IMAGE_TYPE_2D VK_IMAGE_TILING_LINEAR VK_IMAGE_USAGE_COLOR_ATTACHMENT_BIT
DEBUG   | Not Supported: VK_FORMAT_R8G8B8_UNORM VK_IMAGE_TYPE_2D VK_IMAGE_TILING_LINEAR VK_IMAGE_USAGE_INPUT_ATTACHMENT_BIT
DEBUG   | Not Supported: VK_FORMAT_R8G8B8_UNORM VK_IMAGE_TYPE_2D VK_IMAGE_TILING_LINEAR VK_IMAGE_USAGE_SAMPLED_BIT
DEBUG   | Not Supported: VK_FORMAT_R8G8B8_UNORM VK_IMAGE_TYPE_2D VK_IMAGE_TILING_LINEAR VK_IMAGE_USAGE_TRANSFER_SRC_BIT
DEBUG   | Not Supported: VK_FORMAT_R8G8B8_UNORM VK_IMAGE_TYPE_2D VK_IMAGE_TILING_LINEAR VK_IMAGE_USAGE_TRANSFER_DST_BIT
DEBUG   | Not Supported: VK_FORMAT_R8G8B8_UNORM VK_IMAGE_TYPE_2D VK_IMAGE_TILING_OPTIMAL VK_IMAGE_USAGE_COLOR_ATTACHMENT_BIT
DEBUG   | Not Supported: VK_FORMAT_R8G8B8_UNORM VK_IMAGE_TYPE_2D VK_IMAGE_TILING_OPTIMAL VK_IMAGE_USAGE_INPUT_ATTACHMENT_BIT
DEBUG   | Not Supported: VK_FORMAT_R8G8B8_UNORM VK_IMAGE_TYPE_2D VK_IMAGE_TILING_OPTIMAL VK_IMAGE_USAGE_SAMPLED_BIT
DEBUG   | Not Supported: VK_FORMAT_R8G8B8_UNORM VK_IMAGE_TYPE_2D VK_IMAGE_TILING_OPTIMAL VK_IMAGE_USAGE_TRANSFER_SRC_BIT
DEBUG   | Not Supported: VK_FORMAT_R8G8B8_UNORM VK_IMAGE_TYPE_2D VK_IMAGE_TILING_OPTIMAL VK_IMAGE_USAGE_TRANSFER_DST_BIT
DEBUG   | Not Supported: VK_FORMAT_R5G6B5_UNORM_PACK16 VK_IMAGE_TYPE_2D VK_IMAGE_TILING_LINEAR VK_IMAGE_USAGE_COLOR_ATTACHMENT_BIT
DEBUG   | Not Supported: VK_FORMAT_R5G6B5_UNORM_PACK16 VK_IMAGE_TYPE_2D VK_IMAGE_TILING_LINEAR VK_IMAGE_USAGE_INPUT_ATTACHMENT_BIT
DEBUG   | Supported: VK_FORMAT_R5G6B5_UNORM_PACK16 VK_IMAGE_TYPE_2D VK_IMAGE_TILING_LINEAR VK_IMAGE_USAGE_SAMPLED_BIT, supportsExternalMemory? 0, requiresDedicated? 0
DEBUG   | Supported: VK_FORMAT_R5G6B5_UNORM_PACK16 VK_IMAGE_TYPE_2D VK_IMAGE_TILING_LINEAR VK_IMAGE_USAGE_TRANSFER_SRC_BIT, supportsExternalMemory? 0, requiresDedicated? 0
DEBUG   | Supported: VK_FORMAT_R5G6B5_UNORM_PACK16 VK_IMAGE_TYPE_2D VK_IMAGE_TILING_LINEAR VK_IMAGE_USAGE_TRANSFER_DST_BIT, supportsExternalMemory? 0, requiresDedicated? 0
DEBUG   | Supported: VK_FORMAT_R5G6B5_UNORM_PACK16 VK_IMAGE_TYPE_2D VK_IMAGE_TILING_OPTIMAL VK_IMAGE_USAGE_COLOR_ATTACHMENT_BIT, supportsExternalMemory? 0, requiresDedicated? 0
DEBUG   | Supported: VK_FORMAT_R5G6B5_UNORM_PACK16 VK_IMAGE_TYPE_2D VK_IMAGE_TILING_OPTIMAL VK_IMAGE_USAGE_INPUT_ATTACHMENT_BIT, supportsExternalMemory? 0, requiresDedicated? 0
DEBUG   | Supported: VK_FORMAT_R5G6B5_UNORM_PACK16 VK_IMAGE_TYPE_2D VK_IMAGE_TILING_OPTIMAL VK_IMAGE_USAGE_SAMPLED_BIT, supportsExternalMemory? 0, requiresDedicated? 0
DEBUG   | Supported: VK_FORMAT_R5G6B5_UNORM_PACK16 VK_IMAGE_TYPE_2D VK_IMAGE_TILING_OPTIMAL VK_IMAGE_USAGE_TRANSFER_SRC_BIT, supportsExternalMemory? 0, requiresDedicated? 0
DEBUG   | Supported: VK_FORMAT_R5G6B5_UNORM_PACK16 VK_IMAGE_TYPE_2D VK_IMAGE_TILING_OPTIMAL VK_IMAGE_USAGE_TRANSFER_DST_BIT, supportsExternalMemory? 0, requiresDedicated? 0
DEBUG   | Not Supported: VK_FORMAT_A1R5G5B5_UNORM_PACK16 VK_IMAGE_TYPE_2D VK_IMAGE_TILING_LINEAR VK_IMAGE_USAGE_COLOR_ATTACHMENT_BIT
DEBUG   | Not Supported: VK_FORMAT_A1R5G5B5_UNORM_PACK16 VK_IMAGE_TYPE_2D VK_IMAGE_TILING_LINEAR VK_IMAGE_USAGE_INPUT_ATTACHMENT_BIT
DEBUG   | Supported: VK_FORMAT_A1R5G5B5_UNORM_PACK16 VK_IMAGE_TYPE_2D VK_IMAGE_TILING_LINEAR VK_IMAGE_USAGE_SAMPLED_BIT, supportsExternalMemory? 0, requiresDedicated? 0
DEBUG   | Supported: VK_FORMAT_A1R5G5B5_UNORM_PACK16 VK_IMAGE_TYPE_2D VK_IMAGE_TILING_LINEAR VK_IMAGE_USAGE_TRANSFER_SRC_BIT, supportsExternalMemory? 0, requiresDedicated? 0
DEBUG   | Supported: VK_FORMAT_A1R5G5B5_UNORM_PACK16 VK_IMAGE_TYPE_2D VK_IMAGE_TILING_LINEAR VK_IMAGE_USAGE_TRANSFER_DST_BIT, supportsExternalMemory? 0, requiresDedicated? 0
DEBUG   | Supported: VK_FORMAT_A1R5G5B5_UNORM_PACK16 VK_IMAGE_TYPE_2D VK_IMAGE_TILING_OPTIMAL VK_IMAGE_USAGE_COLOR_ATTACHMENT_BIT, supportsExternalMemory? 0, requiresDedicated? 0
DEBUG   | Supported: VK_FORMAT_A1R5G5B5_UNORM_PACK16 VK_IMAGE_TYPE_2D VK_IMAGE_TILING_OPTIMAL VK_IMAGE_USAGE_INPUT_ATTACHMENT_BIT, supportsExternalMemory? 0, requiresDedicated? 0
DEBUG   | Supported: VK_FORMAT_A1R5G5B5_UNORM_PACK16 VK_IMAGE_TYPE_2D VK_IMAGE_TILING_OPTIMAL VK_IMAGE_USAGE_SAMPLED_BIT, supportsExternalMemory? 0, requiresDedicated? 0
DEBUG   | Supported: VK_FORMAT_A1R5G5B5_UNORM_PACK16 VK_IMAGE_TYPE_2D VK_IMAGE_TILING_OPTIMAL VK_IMAGE_USAGE_TRANSFER_SRC_BIT, supportsExternalMemory? 0, requiresDedicated? 0
DEBUG   | Supported: VK_FORMAT_A1R5G5B5_UNORM_PACK16 VK_IMAGE_TYPE_2D VK_IMAGE_TILING_OPTIMAL VK_IMAGE_USAGE_TRANSFER_DST_BIT, supportsExternalMemory? 0, requiresDedicated? 0
DEBUG   | Not Supported: VK_FORMAT_R16G16B16A16_SFLOAT VK_IMAGE_TYPE_2D VK_IMAGE_TILING_LINEAR VK_IMAGE_USAGE_COLOR_ATTACHMENT_BIT
DEBUG   | Not Supported: VK_FORMAT_R16G16B16A16_SFLOAT VK_IMAGE_TYPE_2D VK_IMAGE_TILING_LINEAR VK_IMAGE_USAGE_INPUT_ATTACHMENT_BIT
DEBUG   | Supported: VK_FORMAT_R16G16B16A16_SFLOAT VK_IMAGE_TYPE_2D VK_IMAGE_TILING_LINEAR VK_IMAGE_USAGE_SAMPLED_BIT, supportsExternalMemory? 0, requiresDedicated? 0
DEBUG   | Supported: VK_FORMAT_R16G16B16A16_SFLOAT VK_IMAGE_TYPE_2D VK_IMAGE_TILING_LINEAR VK_IMAGE_USAGE_TRANSFER_SRC_BIT, supportsExternalMemory? 0, requiresDedicated? 0
DEBUG   | Supported: VK_FORMAT_R16G16B16A16_SFLOAT VK_IMAGE_TYPE_2D VK_IMAGE_TILING_LINEAR VK_IMAGE_USAGE_TRANSFER_DST_BIT, supportsExternalMemory? 0, requiresDedicated? 0
DEBUG   | Supported: VK_FORMAT_R16G16B16A16_SFLOAT VK_IMAGE_TYPE_2D VK_IMAGE_TILING_OPTIMAL VK_IMAGE_USAGE_COLOR_ATTACHMENT_BIT, supportsExternalMemory? 0, requiresDedicated? 0
DEBUG   | Supported: VK_FORMAT_R16G16B16A16_SFLOAT VK_IMAGE_TYPE_2D VK_IMAGE_TILING_OPTIMAL VK_IMAGE_USAGE_INPUT_ATTACHMENT_BIT, supportsExternalMemory? 0, requiresDedicated? 0
DEBUG   | Supported: VK_FORMAT_R16G16B16A16_SFLOAT VK_IMAGE_TYPE_2D VK_IMAGE_TILING_OPTIMAL VK_IMAGE_USAGE_SAMPLED_BIT, supportsExternalMemory? 0, requiresDedicated? 0
DEBUG   | Supported: VK_FORMAT_R16G16B16A16_SFLOAT VK_IMAGE_TYPE_2D VK_IMAGE_TILING_OPTIMAL VK_IMAGE_USAGE_TRANSFER_SRC_BIT, supportsExternalMemory? 0, requiresDedicated? 0
DEBUG   | Supported: VK_FORMAT_R16G16B16A16_SFLOAT VK_IMAGE_TYPE_2D VK_IMAGE_TILING_OPTIMAL VK_IMAGE_USAGE_TRANSFER_DST_BIT, supportsExternalMemory? 0, requiresDedicated? 0
DEBUG   | Not Supported: VK_FORMAT_R16G16B16_SFLOAT VK_IMAGE_TYPE_2D VK_IMAGE_TILING_LINEAR VK_IMAGE_USAGE_COLOR_ATTACHMENT_BIT
DEBUG   | Not Supported: VK_FORMAT_R16G16B16_SFLOAT VK_IMAGE_TYPE_2D VK_IMAGE_TILING_LINEAR VK_IMAGE_USAGE_INPUT_ATTACHMENT_BIT
DEBUG   | Not Supported: VK_FORMAT_R16G16B16_SFLOAT VK_IMAGE_TYPE_2D VK_IMAGE_TILING_LINEAR VK_IMAGE_USAGE_SAMPLED_BIT
DEBUG   | Not Supported: VK_FORMAT_R16G16B16_SFLOAT VK_IMAGE_TYPE_2D VK_IMAGE_TILING_LINEAR VK_IMAGE_USAGE_TRANSFER_SRC_BIT
DEBUG   | Not Supported: VK_FORMAT_R16G16B16_SFLOAT VK_IMAGE_TYPE_2D VK_IMAGE_TILING_LINEAR VK_IMAGE_USAGE_TRANSFER_DST_BIT
DEBUG   | Not Supported: VK_FORMAT_R16G16B16_SFLOAT VK_IMAGE_TYPE_2D VK_IMAGE_TILING_OPTIMAL VK_IMAGE_USAGE_COLOR_ATTACHMENT_BIT
DEBUG   | Not Supported: VK_FORMAT_R16G16B16_SFLOAT VK_IMAGE_TYPE_2D VK_IMAGE_TILING_OPTIMAL VK_IMAGE_USAGE_INPUT_ATTACHMENT_BIT
DEBUG   | Not Supported: VK_FORMAT_R16G16B16_SFLOAT VK_IMAGE_TYPE_2D VK_IMAGE_TILING_OPTIMAL VK_IMAGE_USAGE_SAMPLED_BIT
DEBUG   | Not Supported: VK_FORMAT_R16G16B16_SFLOAT VK_IMAGE_TYPE_2D VK_IMAGE_TILING_OPTIMAL VK_IMAGE_USAGE_TRANSFER_SRC_BIT
DEBUG   | Not Supported: VK_FORMAT_R16G16B16_SFLOAT VK_IMAGE_TYPE_2D VK_IMAGE_TILING_OPTIMAL VK_IMAGE_USAGE_TRANSFER_DST_BIT
DEBUG   | Not Supported: VK_FORMAT_B8G8R8A8_UNORM VK_IMAGE_TYPE_2D VK_IMAGE_TILING_LINEAR VK_IMAGE_USAGE_COLOR_ATTACHMENT_BIT
DEBUG   | Not Supported: VK_FORMAT_B8G8R8A8_UNORM VK_IMAGE_TYPE_2D VK_IMAGE_TILING_LINEAR VK_IMAGE_USAGE_INPUT_ATTACHMENT_BIT
DEBUG   | Supported: VK_FORMAT_B8G8R8A8_UNORM VK_IMAGE_TYPE_2D VK_IMAGE_TILING_LINEAR VK_IMAGE_USAGE_SAMPLED_BIT, supportsExternalMemory? 0, requiresDedicated? 0
DEBUG   | Supported: VK_FORMAT_B8G8R8A8_UNORM VK_IMAGE_TYPE_2D VK_IMAGE_TILING_LINEAR VK_IMAGE_USAGE_TRANSFER_SRC_BIT, supportsExternalMemory? 0, requiresDedicated? 0
DEBUG   | Supported: VK_FORMAT_B8G8R8A8_UNORM VK_IMAGE_TYPE_2D VK_IMAGE_TILING_LINEAR VK_IMAGE_USAGE_TRANSFER_DST_BIT, supportsExternalMemory? 0, requiresDedicated? 0
DEBUG   | Supported: VK_FORMAT_B8G8R8A8_UNORM VK_IMAGE_TYPE_2D VK_IMAGE_TILING_OPTIMAL VK_IMAGE_USAGE_COLOR_ATTACHMENT_BIT, supportsExternalMemory? 0, requiresDedicated? 0
DEBUG   | Supported: VK_FORMAT_B8G8R8A8_UNORM VK_IMAGE_TYPE_2D VK_IMAGE_TILING_OPTIMAL VK_IMAGE_USAGE_INPUT_ATTACHMENT_BIT, supportsExternalMemory? 0, requiresDedicated? 0
DEBUG   | Supported: VK_FORMAT_B8G8R8A8_UNORM VK_IMAGE_TYPE_2D VK_IMAGE_TILING_OPTIMAL VK_IMAGE_USAGE_SAMPLED_BIT, supportsExternalMemory? 0, requiresDedicated? 0
DEBUG   | Supported: VK_FORMAT_B8G8R8A8_UNORM VK_IMAGE_TYPE_2D VK_IMAGE_TILING_OPTIMAL VK_IMAGE_USAGE_TRANSFER_SRC_BIT, supportsExternalMemory? 0, requiresDedicated? 0
DEBUG   | Supported: VK_FORMAT_B8G8R8A8_UNORM VK_IMAGE_TYPE_2D VK_IMAGE_TILING_OPTIMAL VK_IMAGE_USAGE_TRANSFER_DST_BIT, supportsExternalMemory? 0, requiresDedicated? 0
DEBUG   | Not Supported: VK_FORMAT_B4G4R4A4_UNORM_PACK16 VK_IMAGE_TYPE_2D VK_IMAGE_TILING_LINEAR VK_IMAGE_USAGE_COLOR_ATTACHMENT_BIT
DEBUG   | Not Supported: VK_FORMAT_B4G4R4A4_UNORM_PACK16 VK_IMAGE_TYPE_2D VK_IMAGE_TILING_LINEAR VK_IMAGE_USAGE_INPUT_ATTACHMENT_BIT
DEBUG   | Supported: VK_FORMAT_B4G4R4A4_UNORM_PACK16 VK_IMAGE_TYPE_2D VK_IMAGE_TILING_LINEAR VK_IMAGE_USAGE_SAMPLED_BIT, supportsExternalMemory? 0, requiresDedicated? 0
DEBUG   | Supported: VK_FORMAT_B4G4R4A4_UNORM_PACK16 VK_IMAGE_TYPE_2D VK_IMAGE_TILING_LINEAR VK_IMAGE_USAGE_TRANSFER_SRC_BIT, supportsExternalMemory? 0, requiresDedicated? 0
DEBUG   | Supported: VK_FORMAT_B4G4R4A4_UNORM_PACK16 VK_IMAGE_TYPE_2D VK_IMAGE_TILING_LINEAR VK_IMAGE_USAGE_TRANSFER_DST_BIT, supportsExternalMemory? 0, requiresDedicated? 0
DEBUG   | Supported: VK_FORMAT_B4G4R4A4_UNORM_PACK16 VK_IMAGE_TYPE_2D VK_IMAGE_TILING_OPTIMAL VK_IMAGE_USAGE_COLOR_ATTACHMENT_BIT, supportsExternalMemory? 0, requiresDedicated? 0
DEBUG   | Supported: VK_FORMAT_B4G4R4A4_UNORM_PACK16 VK_IMAGE_TYPE_2D VK_IMAGE_TILING_OPTIMAL VK_IMAGE_USAGE_INPUT_ATTACHMENT_BIT, supportsExternalMemory? 0, requiresDedicated? 0
DEBUG   | Supported: VK_FORMAT_B4G4R4A4_UNORM_PACK16 VK_IMAGE_TYPE_2D VK_IMAGE_TILING_OPTIMAL VK_IMAGE_USAGE_SAMPLED_BIT, supportsExternalMemory? 0, requiresDedicated? 0
DEBUG   | Supported: VK_FORMAT_B4G4R4A4_UNORM_PACK16 VK_IMAGE_TYPE_2D VK_IMAGE_TILING_OPTIMAL VK_IMAGE_USAGE_TRANSFER_SRC_BIT, supportsExternalMemory? 0, requiresDedicated? 0
DEBUG   | Supported: VK_FORMAT_B4G4R4A4_UNORM_PACK16 VK_IMAGE_TYPE_2D VK_IMAGE_TILING_OPTIMAL VK_IMAGE_USAGE_TRANSFER_DST_BIT, supportsExternalMemory? 0, requiresDedicated? 0
DEBUG   | Not Supported: VK_FORMAT_R4G4B4A4_UNORM_PACK16 VK_IMAGE_TYPE_2D VK_IMAGE_TILING_LINEAR VK_IMAGE_USAGE_COLOR_ATTACHMENT_BIT
DEBUG   | Not Supported: VK_FORMAT_R4G4B4A4_UNORM_PACK16 VK_IMAGE_TYPE_2D VK_IMAGE_TILING_LINEAR VK_IMAGE_USAGE_INPUT_ATTACHMENT_BIT
DEBUG   | Supported: VK_FORMAT_R4G4B4A4_UNORM_PACK16 VK_IMAGE_TYPE_2D VK_IMAGE_TILING_LINEAR VK_IMAGE_USAGE_SAMPLED_BIT, supportsExternalMemory? 0, requiresDedicated? 0
DEBUG   | Supported: VK_FORMAT_R4G4B4A4_UNORM_PACK16 VK_IMAGE_TYPE_2D VK_IMAGE_TILING_LINEAR VK_IMAGE_USAGE_TRANSFER_SRC_BIT, supportsExternalMemory? 0, requiresDedicated? 0
DEBUG   | Supported: VK_FORMAT_R4G4B4A4_UNORM_PACK16 VK_IMAGE_TYPE_2D VK_IMAGE_TILING_LINEAR VK_IMAGE_USAGE_TRANSFER_DST_BIT, supportsExternalMemory? 0, requiresDedicated? 0
DEBUG   | Supported: VK_FORMAT_R4G4B4A4_UNORM_PACK16 VK_IMAGE_TYPE_2D VK_IMAGE_TILING_OPTIMAL VK_IMAGE_USAGE_COLOR_ATTACHMENT_BIT, supportsExternalMemory? 0, requiresDedicated? 0
DEBUG   | Supported: VK_FORMAT_R4G4B4A4_UNORM_PACK16 VK_IMAGE_TYPE_2D VK_IMAGE_TILING_OPTIMAL VK_IMAGE_USAGE_INPUT_ATTACHMENT_BIT, supportsExternalMemory? 0, requiresDedicated? 0
DEBUG   | Supported: VK_FORMAT_R4G4B4A4_UNORM_PACK16 VK_IMAGE_TYPE_2D VK_IMAGE_TILING_OPTIMAL VK_IMAGE_USAGE_SAMPLED_BIT, supportsExternalMemory? 0, requiresDedicated? 0
DEBUG   | Supported: VK_FORMAT_R4G4B4A4_UNORM_PACK16 VK_IMAGE_TYPE_2D VK_IMAGE_TILING_OPTIMAL VK_IMAGE_USAGE_TRANSFER_SRC_BIT, supportsExternalMemory? 0, requiresDedicated? 0
DEBUG   | Supported: VK_FORMAT_R4G4B4A4_UNORM_PACK16 VK_IMAGE_TYPE_2D VK_IMAGE_TILING_OPTIMAL VK_IMAGE_USAGE_TRANSFER_DST_BIT, supportsExternalMemory? 0, requiresDedicated? 0
DEBUG   | Not Supported: VK_FORMAT_R8_UNORM VK_IMAGE_TYPE_2D VK_IMAGE_TILING_LINEAR VK_IMAGE_USAGE_COLOR_ATTACHMENT_BIT
DEBUG   | Not Supported: VK_FORMAT_R8_UNORM VK_IMAGE_TYPE_2D VK_IMAGE_TILING_LINEAR VK_IMAGE_USAGE_INPUT_ATTACHMENT_BIT
DEBUG   | Supported: VK_FORMAT_R8_UNORM VK_IMAGE_TYPE_2D VK_IMAGE_TILING_LINEAR VK_IMAGE_USAGE_SAMPLED_BIT, supportsExternalMemory? 0, requiresDedicated? 0
DEBUG   | Supported: VK_FORMAT_R8_UNORM VK_IMAGE_TYPE_2D VK_IMAGE_TILING_LINEAR VK_IMAGE_USAGE_TRANSFER_SRC_BIT, supportsExternalMemory? 0, requiresDedicated? 0
DEBUG   | Supported: VK_FORMAT_R8_UNORM VK_IMAGE_TYPE_2D VK_IMAGE_TILING_LINEAR VK_IMAGE_USAGE_TRANSFER_DST_BIT, supportsExternalMemory? 0, requiresDedicated? 0
DEBUG   | Supported: VK_FORMAT_R8_UNORM VK_IMAGE_TYPE_2D VK_IMAGE_TILING_OPTIMAL VK_IMAGE_USAGE_COLOR_ATTACHMENT_BIT, supportsExternalMemory? 0, requiresDedicated? 0
DEBUG   | Supported: VK_FORMAT_R8_UNORM VK_IMAGE_TYPE_2D VK_IMAGE_TILING_OPTIMAL VK_IMAGE_USAGE_INPUT_ATTACHMENT_BIT, supportsExternalMemory? 0, requiresDedicated? 0
DEBUG   | Supported: VK_FORMAT_R8_UNORM VK_IMAGE_TYPE_2D VK_IMAGE_TILING_OPTIMAL VK_IMAGE_USAGE_SAMPLED_BIT, supportsExternalMemory? 0, requiresDedicated? 0
DEBUG   | Supported: VK_FORMAT_R8_UNORM VK_IMAGE_TYPE_2D VK_IMAGE_TILING_OPTIMAL VK_IMAGE_USAGE_TRANSFER_SRC_BIT, supportsExternalMemory? 0, requiresDedicated? 0
DEBUG   | Supported: VK_FORMAT_R8_UNORM VK_IMAGE_TYPE_2D VK_IMAGE_TILING_OPTIMAL VK_IMAGE_USAGE_TRANSFER_DST_BIT, supportsExternalMemory? 0, requiresDedicated? 0
DEBUG   | Not Supported: VK_FORMAT_R16_UNORM VK_IMAGE_TYPE_2D VK_IMAGE_TILING_LINEAR VK_IMAGE_USAGE_COLOR_ATTACHMENT_BIT
DEBUG   | Not Supported: VK_FORMAT_R16_UNORM VK_IMAGE_TYPE_2D VK_IMAGE_TILING_LINEAR VK_IMAGE_USAGE_INPUT_ATTACHMENT_BIT
DEBUG   | Supported: VK_FORMAT_R16_UNORM VK_IMAGE_TYPE_2D VK_IMAGE_TILING_LINEAR VK_IMAGE_USAGE_SAMPLED_BIT, supportsExternalMemory? 0, requiresDedicated? 0
DEBUG   | Supported: VK_FORMAT_R16_UNORM VK_IMAGE_TYPE_2D VK_IMAGE_TILING_LINEAR VK_IMAGE_USAGE_TRANSFER_SRC_BIT, supportsExternalMemory? 0, requiresDedicated? 0
DEBUG   | Supported: VK_FORMAT_R16_UNORM VK_IMAGE_TYPE_2D VK_IMAGE_TILING_LINEAR VK_IMAGE_USAGE_TRANSFER_DST_BIT, supportsExternalMemory? 0, requiresDedicated? 0
DEBUG   | Supported: VK_FORMAT_R16_UNORM VK_IMAGE_TYPE_2D VK_IMAGE_TILING_OPTIMAL VK_IMAGE_USAGE_COLOR_ATTACHMENT_BIT, supportsExternalMemory? 0, requiresDedicated? 0
DEBUG   | Supported: VK_FORMAT_R16_UNORM VK_IMAGE_TYPE_2D VK_IMAGE_TILING_OPTIMAL VK_IMAGE_USAGE_INPUT_ATTACHMENT_BIT, supportsExternalMemory? 0, requiresDedicated? 0
DEBUG   | Supported: VK_FORMAT_R16_UNORM VK_IMAGE_TYPE_2D VK_IMAGE_TILING_OPTIMAL VK_IMAGE_USAGE_SAMPLED_BIT, supportsExternalMemory? 0, requiresDedicated? 0
DEBUG   | Supported: VK_FORMAT_R16_UNORM VK_IMAGE_TYPE_2D VK_IMAGE_TILING_OPTIMAL VK_IMAGE_USAGE_TRANSFER_SRC_BIT, supportsExternalMemory? 0, requiresDedicated? 0
DEBUG   | Supported: VK_FORMAT_R16_UNORM VK_IMAGE_TYPE_2D VK_IMAGE_TILING_OPTIMAL VK_IMAGE_USAGE_TRANSFER_DST_BIT, supportsExternalMemory? 0, requiresDedicated? 0
DEBUG   | Not Supported: VK_FORMAT_A2R10G10B10_UINT_PACK32 VK_IMAGE_TYPE_2D VK_IMAGE_TILING_LINEAR VK_IMAGE_USAGE_COLOR_ATTACHMENT_BIT
DEBUG   | Not Supported: VK_FORMAT_A2R10G10B10_UINT_PACK32 VK_IMAGE_TYPE_2D VK_IMAGE_TILING_LINEAR VK_IMAGE_USAGE_INPUT_ATTACHMENT_BIT
DEBUG   | Supported: VK_FORMAT_A2R10G10B10_UINT_PACK32 VK_IMAGE_TYPE_2D VK_IMAGE_TILING_LINEAR VK_IMAGE_USAGE_SAMPLED_BIT, supportsExternalMemory? 0, requiresDedicated? 0
DEBUG   | Supported: VK_FORMAT_A2R10G10B10_UINT_PACK32 VK_IMAGE_TYPE_2D VK_IMAGE_TILING_LINEAR VK_IMAGE_USAGE_TRANSFER_SRC_BIT, supportsExternalMemory? 0, requiresDedicated? 0
DEBUG   | Supported: VK_FORMAT_A2R10G10B10_UINT_PACK32 VK_IMAGE_TYPE_2D VK_IMAGE_TILING_LINEAR VK_IMAGE_USAGE_TRANSFER_DST_BIT, supportsExternalMemory? 0, requiresDedicated? 0
DEBUG   | Supported: VK_FORMAT_A2R10G10B10_UINT_PACK32 VK_IMAGE_TYPE_2D VK_IMAGE_TILING_OPTIMAL VK_IMAGE_USAGE_COLOR_ATTACHMENT_BIT, supportsExternalMemory? 0, requiresDedicated? 0
DEBUG   | Supported: VK_FORMAT_A2R10G10B10_UINT_PACK32 VK_IMAGE_TYPE_2D VK_IMAGE_TILING_OPTIMAL VK_IMAGE_USAGE_INPUT_ATTACHMENT_BIT, supportsExternalMemory? 0, requiresDedicated? 0
DEBUG   | Supported: VK_FORMAT_A2R10G10B10_UINT_PACK32 VK_IMAGE_TYPE_2D VK_IMAGE_TILING_OPTIMAL VK_IMAGE_USAGE_SAMPLED_BIT, supportsExternalMemory? 0, requiresDedicated? 0
DEBUG   | Supported: VK_FORMAT_A2R10G10B10_UINT_PACK32 VK_IMAGE_TYPE_2D VK_IMAGE_TILING_OPTIMAL VK_IMAGE_USAGE_TRANSFER_SRC_BIT, supportsExternalMemory? 0, requiresDedicated? 0
DEBUG   | Supported: VK_FORMAT_A2R10G10B10_UINT_PACK32 VK_IMAGE_TYPE_2D VK_IMAGE_TILING_OPTIMAL VK_IMAGE_USAGE_TRANSFER_DST_BIT, supportsExternalMemory? 0, requiresDedicated? 0
DEBUG   | Not Supported: VK_FORMAT_A2R10G10B10_UNORM_PACK32 VK_IMAGE_TYPE_2D VK_IMAGE_TILING_LINEAR VK_IMAGE_USAGE_COLOR_ATTACHMENT_BIT
DEBUG   | Not Supported: VK_FORMAT_A2R10G10B10_UNORM_PACK32 VK_IMAGE_TYPE_2D VK_IMAGE_TILING_LINEAR VK_IMAGE_USAGE_INPUT_ATTACHMENT_BIT
DEBUG   | Supported: VK_FORMAT_A2R10G10B10_UNORM_PACK32 VK_IMAGE_TYPE_2D VK_IMAGE_TILING_LINEAR VK_IMAGE_USAGE_SAMPLED_BIT, supportsExternalMemory? 0, requiresDedicated? 0
DEBUG   | Supported: VK_FORMAT_A2R10G10B10_UNORM_PACK32 VK_IMAGE_TYPE_2D VK_IMAGE_TILING_LINEAR VK_IMAGE_USAGE_TRANSFER_SRC_BIT, supportsExternalMemory? 0, requiresDedicated? 0
DEBUG   | Supported: VK_FORMAT_A2R10G10B10_UNORM_PACK32 VK_IMAGE_TYPE_2D VK_IMAGE_TILING_LINEAR VK_IMAGE_USAGE_TRANSFER_DST_BIT, supportsExternalMemory? 0, requiresDedicated? 0
DEBUG   | Supported: VK_FORMAT_A2R10G10B10_UNORM_PACK32 VK_IMAGE_TYPE_2D VK_IMAGE_TILING_OPTIMAL VK_IMAGE_USAGE_COLOR_ATTACHMENT_BIT, supportsExternalMemory? 0, requiresDedicated? 0
DEBUG   | Supported: VK_FORMAT_A2R10G10B10_UNORM_PACK32 VK_IMAGE_TYPE_2D VK_IMAGE_TILING_OPTIMAL VK_IMAGE_USAGE_INPUT_ATTACHMENT_BIT, supportsExternalMemory? 0, requiresDedicated? 0
DEBUG   | Supported: VK_FORMAT_A2R10G10B10_UNORM_PACK32 VK_IMAGE_TYPE_2D VK_IMAGE_TILING_OPTIMAL VK_IMAGE_USAGE_SAMPLED_BIT, supportsExternalMemory? 0, requiresDedicated? 0
DEBUG   | Supported: VK_FORMAT_A2R10G10B10_UNORM_PACK32 VK_IMAGE_TYPE_2D VK_IMAGE_TILING_OPTIMAL VK_IMAGE_USAGE_TRANSFER_SRC_BIT, supportsExternalMemory? 0, requiresDedicated? 0
DEBUG   | Supported: VK_FORMAT_A2R10G10B10_UNORM_PACK32 VK_IMAGE_TYPE_2D VK_IMAGE_TILING_OPTIMAL VK_IMAGE_USAGE_TRANSFER_DST_BIT, supportsExternalMemory? 0, requiresDedicated? 0
DEBUG   | Not Supported: VK_FORMAT_A2B10G10R10_UNORM_PACK32 VK_IMAGE_TYPE_2D VK_IMAGE_TILING_LINEAR VK_IMAGE_USAGE_COLOR_ATTACHMENT_BIT
DEBUG   | Not Supported: VK_FORMAT_A2B10G10R10_UNORM_PACK32 VK_IMAGE_TYPE_2D VK_IMAGE_TILING_LINEAR VK_IMAGE_USAGE_INPUT_ATTACHMENT_BIT
DEBUG   | Supported: VK_FORMAT_A2B10G10R10_UNORM_PACK32 VK_IMAGE_TYPE_2D VK_IMAGE_TILING_LINEAR VK_IMAGE_USAGE_SAMPLED_BIT, supportsExternalMemory? 0, requiresDedicated? 0
DEBUG   | Supported: VK_FORMAT_A2B10G10R10_UNORM_PACK32 VK_IMAGE_TYPE_2D VK_IMAGE_TILING_LINEAR VK_IMAGE_USAGE_TRANSFER_SRC_BIT, supportsExternalMemory? 0, requiresDedicated? 0
DEBUG   | Supported: VK_FORMAT_A2B10G10R10_UNORM_PACK32 VK_IMAGE_TYPE_2D VK_IMAGE_TILING_LINEAR VK_IMAGE_USAGE_TRANSFER_DST_BIT, supportsExternalMemory? 0, requiresDedicated? 0
DEBUG   | Supported: VK_FORMAT_A2B10G10R10_UNORM_PACK32 VK_IMAGE_TYPE_2D VK_IMAGE_TILING_OPTIMAL VK_IMAGE_USAGE_COLOR_ATTACHMENT_BIT, supportsExternalMemory? 0, requiresDedicated? 0
DEBUG   | Supported: VK_FORMAT_A2B10G10R10_UNORM_PACK32 VK_IMAGE_TYPE_2D VK_IMAGE_TILING_OPTIMAL VK_IMAGE_USAGE_INPUT_ATTACHMENT_BIT, supportsExternalMemory? 0, requiresDedicated? 0
DEBUG   | Supported: VK_FORMAT_A2B10G10R10_UNORM_PACK32 VK_IMAGE_TYPE_2D VK_IMAGE_TILING_OPTIMAL VK_IMAGE_USAGE_SAMPLED_BIT, supportsExternalMemory? 0, requiresDedicated? 0
DEBUG   | Supported: VK_FORMAT_A2B10G10R10_UNORM_PACK32 VK_IMAGE_TYPE_2D VK_IMAGE_TILING_OPTIMAL VK_IMAGE_USAGE_TRANSFER_SRC_BIT, supportsExternalMemory? 0, requiresDedicated? 0
DEBUG   | Supported: VK_FORMAT_A2B10G10R10_UNORM_PACK32 VK_IMAGE_TYPE_2D VK_IMAGE_TILING_OPTIMAL VK_IMAGE_USAGE_TRANSFER_DST_BIT, supportsExternalMemory? 0, requiresDedicated? 0
DEBUG   | Not Supported: VK_FORMAT_ETC2_R8G8B8A8_UNORM_BLOCK VK_IMAGE_TYPE_2D VK_IMAGE_TILING_LINEAR VK_IMAGE_USAGE_COLOR_ATTACHMENT_BIT
DEBUG   | Not Supported: VK_FORMAT_ETC2_R8G8B8A8_UNORM_BLOCK VK_IMAGE_TYPE_2D VK_IMAGE_TILING_LINEAR VK_IMAGE_USAGE_INPUT_ATTACHMENT_BIT
DEBUG   | Not Supported: VK_FORMAT_ETC2_R8G8B8A8_UNORM_BLOCK VK_IMAGE_TYPE_2D VK_IMAGE_TILING_LINEAR VK_IMAGE_USAGE_SAMPLED_BIT
DEBUG   | Supported: VK_FORMAT_ETC2_R8G8B8A8_UNORM_BLOCK VK_IMAGE_TYPE_2D VK_IMAGE_TILING_LINEAR VK_IMAGE_USAGE_TRANSFER_SRC_BIT, supportsExternalMemory? 0, requiresDedicated? 0
DEBUG   | Supported: VK_FORMAT_ETC2_R8G8B8A8_UNORM_BLOCK VK_IMAGE_TYPE_2D VK_IMAGE_TILING_LINEAR VK_IMAGE_USAGE_TRANSFER_DST_BIT, supportsExternalMemory? 0, requiresDedicated? 0
DEBUG   | Not Supported: VK_FORMAT_ETC2_R8G8B8A8_UNORM_BLOCK VK_IMAGE_TYPE_2D VK_IMAGE_TILING_OPTIMAL VK_IMAGE_USAGE_COLOR_ATTACHMENT_BIT
DEBUG   | Not Supported: VK_FORMAT_ETC2_R8G8B8A8_UNORM_BLOCK VK_IMAGE_TYPE_2D VK_IMAGE_TILING_OPTIMAL VK_IMAGE_USAGE_INPUT_ATTACHMENT_BIT
DEBUG   | Supported: VK_FORMAT_ETC2_R8G8B8A8_UNORM_BLOCK VK_IMAGE_TYPE_2D VK_IMAGE_TILING_OPTIMAL VK_IMAGE_USAGE_SAMPLED_BIT, supportsExternalMemory? 0, requiresDedicated? 0
DEBUG   | Supported: VK_FORMAT_ETC2_R8G8B8A8_UNORM_BLOCK VK_IMAGE_TYPE_2D VK_IMAGE_TILING_OPTIMAL VK_IMAGE_USAGE_TRANSFER_SRC_BIT, supportsExternalMemory? 0, requiresDedicated? 0
DEBUG   | Supported: VK_FORMAT_ETC2_R8G8B8A8_UNORM_BLOCK VK_IMAGE_TYPE_2D VK_IMAGE_TILING_OPTIMAL VK_IMAGE_USAGE_TRANSFER_DST_BIT, supportsExternalMemory? 0, requiresDedicated? 0
DEBUG   | Not Supported: VK_FORMAT_ASTC_4x4_UNORM_BLOCK VK_IMAGE_TYPE_2D VK_IMAGE_TILING_LINEAR VK_IMAGE_USAGE_COLOR_ATTACHMENT_BIT
DEBUG   | Not Supported: VK_FORMAT_ASTC_4x4_UNORM_BLOCK VK_IMAGE_TYPE_2D VK_IMAGE_TILING_LINEAR VK_IMAGE_USAGE_INPUT_ATTACHMENT_BIT
DEBUG   | Not Supported: VK_FORMAT_ASTC_4x4_UNORM_BLOCK VK_IMAGE_TYPE_2D VK_IMAGE_TILING_LINEAR VK_IMAGE_USAGE_SAMPLED_BIT
DEBUG   | Supported: VK_FORMAT_ASTC_4x4_UNORM_BLOCK VK_IMAGE_TYPE_2D VK_IMAGE_TILING_LINEAR VK_IMAGE_USAGE_TRANSFER_SRC_BIT, supportsExternalMemory? 0, requiresDedicated? 0
DEBUG   | Supported: VK_FORMAT_ASTC_4x4_UNORM_BLOCK VK_IMAGE_TYPE_2D VK_IMAGE_TILING_LINEAR VK_IMAGE_USAGE_TRANSFER_DST_BIT, supportsExternalMemory? 0, requiresDedicated? 0
DEBUG   | Not Supported: VK_FORMAT_ASTC_4x4_UNORM_BLOCK VK_IMAGE_TYPE_2D VK_IMAGE_TILING_OPTIMAL VK_IMAGE_USAGE_COLOR_ATTACHMENT_BIT
DEBUG   | Not Supported: VK_FORMAT_ASTC_4x4_UNORM_BLOCK VK_IMAGE_TYPE_2D VK_IMAGE_TILING_OPTIMAL VK_IMAGE_USAGE_INPUT_ATTACHMENT_BIT
DEBUG   | Supported: VK_FORMAT_ASTC_4x4_UNORM_BLOCK VK_IMAGE_TYPE_2D VK_IMAGE_TILING_OPTIMAL VK_IMAGE_USAGE_SAMPLED_BIT, supportsExternalMemory? 0, requiresDedicated? 0
DEBUG   | Supported: VK_FORMAT_ASTC_4x4_UNORM_BLOCK VK_IMAGE_TYPE_2D VK_IMAGE_TILING_OPTIMAL VK_IMAGE_USAGE_TRANSFER_SRC_BIT, supportsExternalMemory? 0, requiresDedicated? 0
DEBUG   | Supported: VK_FORMAT_ASTC_4x4_UNORM_BLOCK VK_IMAGE_TYPE_2D VK_IMAGE_TILING_OPTIMAL VK_IMAGE_USAGE_TRANSFER_DST_BIT, supportsExternalMemory? 0, requiresDedicated? 0
DEBUG   | Not Supported: VK_FORMAT_G8_B8R8_2PLANE_420_UNORM VK_IMAGE_TYPE_2D VK_IMAGE_TILING_LINEAR VK_IMAGE_USAGE_COLOR_ATTACHMENT_BIT
DEBUG   | Not Supported: VK_FORMAT_G8_B8R8_2PLANE_420_UNORM VK_IMAGE_TYPE_2D VK_IMAGE_TILING_LINEAR VK_IMAGE_USAGE_INPUT_ATTACHMENT_BIT
DEBUG   | Supported: VK_FORMAT_G8_B8R8_2PLANE_420_UNORM VK_IMAGE_TYPE_2D VK_IMAGE_TILING_LINEAR VK_IMAGE_USAGE_SAMPLED_BIT, supportsExternalMemory? 0, requiresDedicated? 0
DEBUG   | Supported: VK_FORMAT_G8_B8R8_2PLANE_420_UNORM VK_IMAGE_TYPE_2D VK_IMAGE_TILING_LINEAR VK_IMAGE_USAGE_TRANSFER_SRC_BIT, supportsExternalMemory? 0, requiresDedicated? 0
DEBUG   | Supported: VK_FORMAT_G8_B8R8_2PLANE_420_UNORM VK_IMAGE_TYPE_2D VK_IMAGE_TILING_LINEAR VK_IMAGE_USAGE_TRANSFER_DST_BIT, supportsExternalMemory? 0, requiresDedicated? 0
DEBUG   | Not Supported: VK_FORMAT_G8_B8R8_2PLANE_420_UNORM VK_IMAGE_TYPE_2D VK_IMAGE_TILING_OPTIMAL VK_IMAGE_USAGE_COLOR_ATTACHMENT_BIT
DEBUG   | Not Supported: VK_FORMAT_G8_B8R8_2PLANE_420_UNORM VK_IMAGE_TYPE_2D VK_IMAGE_TILING_OPTIMAL VK_IMAGE_USAGE_INPUT_ATTACHMENT_BIT
DEBUG   | Supported: VK_FORMAT_G8_B8R8_2PLANE_420_UNORM VK_IMAGE_TYPE_2D VK_IMAGE_TILING_OPTIMAL VK_IMAGE_USAGE_SAMPLED_BIT, supportsExternalMemory? 0, requiresDedicated? 0
DEBUG   | Supported: VK_FORMAT_G8_B8R8_2PLANE_420_UNORM VK_IMAGE_TYPE_2D VK_IMAGE_TILING_OPTIMAL VK_IMAGE_USAGE_TRANSFER_SRC_BIT, supportsExternalMemory? 0, requiresDedicated? 0
DEBUG   | Supported: VK_FORMAT_G8_B8R8_2PLANE_420_UNORM VK_IMAGE_TYPE_2D VK_IMAGE_TILING_OPTIMAL VK_IMAGE_USAGE_TRANSFER_DST_BIT, supportsExternalMemory? 0, requiresDedicated? 0
DEBUG   | Not Supported: VK_FORMAT_G8_B8R8_2PLANE_422_UNORM VK_IMAGE_TYPE_2D VK_IMAGE_TILING_LINEAR VK_IMAGE_USAGE_COLOR_ATTACHMENT_BIT
DEBUG   | Not Supported: VK_FORMAT_G8_B8R8_2PLANE_422_UNORM VK_IMAGE_TYPE_2D VK_IMAGE_TILING_LINEAR VK_IMAGE_USAGE_INPUT_ATTACHMENT_BIT
DEBUG   | Not Supported: VK_FORMAT_G8_B8R8_2PLANE_422_UNORM VK_IMAGE_TYPE_2D VK_IMAGE_TILING_LINEAR VK_IMAGE_USAGE_SAMPLED_BIT
DEBUG   | Not Supported: VK_FORMAT_G8_B8R8_2PLANE_422_UNORM VK_IMAGE_TYPE_2D VK_IMAGE_TILING_LINEAR VK_IMAGE_USAGE_TRANSFER_SRC_BIT
DEBUG   | Not Supported: VK_FORMAT_G8_B8R8_2PLANE_422_UNORM VK_IMAGE_TYPE_2D VK_IMAGE_TILING_LINEAR VK_IMAGE_USAGE_TRANSFER_DST_BIT
DEBUG   | Not Supported: VK_FORMAT_G8_B8R8_2PLANE_422_UNORM VK_IMAGE_TYPE_2D VK_IMAGE_TILING_OPTIMAL VK_IMAGE_USAGE_COLOR_ATTACHMENT_BIT
DEBUG   | Not Supported: VK_FORMAT_G8_B8R8_2PLANE_422_UNORM VK_IMAGE_TYPE_2D VK_IMAGE_TILING_OPTIMAL VK_IMAGE_USAGE_INPUT_ATTACHMENT_BIT
DEBUG   | Not Supported: VK_FORMAT_G8_B8R8_2PLANE_422_UNORM VK_IMAGE_TYPE_2D VK_IMAGE_TILING_OPTIMAL VK_IMAGE_USAGE_SAMPLED_BIT
DEBUG   | Not Supported: VK_FORMAT_G8_B8R8_2PLANE_422_UNORM VK_IMAGE_TYPE_2D VK_IMAGE_TILING_OPTIMAL VK_IMAGE_USAGE_TRANSFER_SRC_BIT
DEBUG   | Not Supported: VK_FORMAT_G8_B8R8_2PLANE_422_UNORM VK_IMAGE_TYPE_2D VK_IMAGE_TILING_OPTIMAL VK_IMAGE_USAGE_TRANSFER_DST_BIT
DEBUG   | Not Supported: VK_FORMAT_G8_B8_R8_3PLANE_420_UNORM VK_IMAGE_TYPE_2D VK_IMAGE_TILING_LINEAR VK_IMAGE_USAGE_COLOR_ATTACHMENT_BIT
DEBUG   | Not Supported: VK_FORMAT_G8_B8_R8_3PLANE_420_UNORM VK_IMAGE_TYPE_2D VK_IMAGE_TILING_LINEAR VK_IMAGE_USAGE_INPUT_ATTACHMENT_BIT
DEBUG   | Supported: VK_FORMAT_G8_B8_R8_3PLANE_420_UNORM VK_IMAGE_TYPE_2D VK_IMAGE_TILING_LINEAR VK_IMAGE_USAGE_SAMPLED_BIT, supportsExternalMemory? 0, requiresDedicated? 0
DEBUG   | Supported: VK_FORMAT_G8_B8_R8_3PLANE_420_UNORM VK_IMAGE_TYPE_2D VK_IMAGE_TILING_LINEAR VK_IMAGE_USAGE_TRANSFER_SRC_BIT, supportsExternalMemory? 0, requiresDedicated? 0
DEBUG   | Supported: VK_FORMAT_G8_B8_R8_3PLANE_420_UNORM VK_IMAGE_TYPE_2D VK_IMAGE_TILING_LINEAR VK_IMAGE_USAGE_TRANSFER_DST_BIT, supportsExternalMemory? 0, requiresDedicated? 0
DEBUG   | Not Supported: VK_FORMAT_G8_B8_R8_3PLANE_420_UNORM VK_IMAGE_TYPE_2D VK_IMAGE_TILING_OPTIMAL VK_IMAGE_USAGE_COLOR_ATTACHMENT_BIT
DEBUG   | Not Supported: VK_FORMAT_G8_B8_R8_3PLANE_420_UNORM VK_IMAGE_TYPE_2D VK_IMAGE_TILING_OPTIMAL VK_IMAGE_USAGE_INPUT_ATTACHMENT_BIT
DEBUG   | Supported: VK_FORMAT_G8_B8_R8_3PLANE_420_UNORM VK_IMAGE_TYPE_2D VK_IMAGE_TILING_OPTIMAL VK_IMAGE_USAGE_SAMPLED_BIT, supportsExternalMemory? 0, requiresDedicated? 0
DEBUG   | Supported: VK_FORMAT_G8_B8_R8_3PLANE_420_UNORM VK_IMAGE_TYPE_2D VK_IMAGE_TILING_OPTIMAL VK_IMAGE_USAGE_TRANSFER_SRC_BIT, supportsExternalMemory? 0, requiresDedicated? 0
DEBUG   | Supported: VK_FORMAT_G8_B8_R8_3PLANE_420_UNORM VK_IMAGE_TYPE_2D VK_IMAGE_TILING_OPTIMAL VK_IMAGE_USAGE_TRANSFER_DST_BIT, supportsExternalMemory? 0, requiresDedicated? 0
DEBUG   | Not Supported: VK_FORMAT_G8_B8_R8_3PLANE_422_UNORM VK_IMAGE_TYPE_2D VK_IMAGE_TILING_LINEAR VK_IMAGE_USAGE_COLOR_ATTACHMENT_BIT
DEBUG   | Not Supported: VK_FORMAT_G8_B8_R8_3PLANE_422_UNORM VK_IMAGE_TYPE_2D VK_IMAGE_TILING_LINEAR VK_IMAGE_USAGE_INPUT_ATTACHMENT_BIT
DEBUG   | Not Supported: VK_FORMAT_G8_B8_R8_3PLANE_422_UNORM VK_IMAGE_TYPE_2D VK_IMAGE_TILING_LINEAR VK_IMAGE_USAGE_SAMPLED_BIT
DEBUG   | Not Supported: VK_FORMAT_G8_B8_R8_3PLANE_422_UNORM VK_IMAGE_TYPE_2D VK_IMAGE_TILING_LINEAR VK_IMAGE_USAGE_TRANSFER_SRC_BIT
DEBUG   | Not Supported: VK_FORMAT_G8_B8_R8_3PLANE_422_UNORM VK_IMAGE_TYPE_2D VK_IMAGE_TILING_LINEAR VK_IMAGE_USAGE_TRANSFER_DST_BIT
DEBUG   | Not Supported: VK_FORMAT_G8_B8_R8_3PLANE_422_UNORM VK_IMAGE_TYPE_2D VK_IMAGE_TILING_OPTIMAL VK_IMAGE_USAGE_COLOR_ATTACHMENT_BIT
DEBUG   | Not Supported: VK_FORMAT_G8_B8_R8_3PLANE_422_UNORM VK_IMAGE_TYPE_2D VK_IMAGE_TILING_OPTIMAL VK_IMAGE_USAGE_INPUT_ATTACHMENT_BIT
DEBUG   | Not Supported: VK_FORMAT_G8_B8_R8_3PLANE_422_UNORM VK_IMAGE_TYPE_2D VK_IMAGE_TILING_OPTIMAL VK_IMAGE_USAGE_SAMPLED_BIT
DEBUG   | Not Supported: VK_FORMAT_G8_B8_R8_3PLANE_422_UNORM VK_IMAGE_TYPE_2D VK_IMAGE_TILING_OPTIMAL VK_IMAGE_USAGE_TRANSFER_SRC_BIT
DEBUG   | Not Supported: VK_FORMAT_G8_B8_R8_3PLANE_422_UNORM VK_IMAGE_TYPE_2D VK_IMAGE_TILING_OPTIMAL VK_IMAGE_USAGE_TRANSFER_DST_BIT
DEBUG   | Not Supported: VK_FORMAT_G10X6_B10X6R10X6_2PLANE_420_UNORM_3PACK16 VK_IMAGE_TYPE_2D VK_IMAGE_TILING_LINEAR VK_IMAGE_USAGE_COLOR_ATTACHMENT_BIT
DEBUG   | Not Supported: VK_FORMAT_G10X6_B10X6R10X6_2PLANE_420_UNORM_3PACK16 VK_IMAGE_TYPE_2D VK_IMAGE_TILING_LINEAR VK_IMAGE_USAGE_INPUT_ATTACHMENT_BIT
DEBUG   | Not Supported: VK_FORMAT_G10X6_B10X6R10X6_2PLANE_420_UNORM_3PACK16 VK_IMAGE_TYPE_2D VK_IMAGE_TILING_LINEAR VK_IMAGE_USAGE_SAMPLED_BIT
DEBUG   | Not Supported: VK_FORMAT_G10X6_B10X6R10X6_2PLANE_420_UNORM_3PACK16 VK_IMAGE_TYPE_2D VK_IMAGE_TILING_LINEAR VK_IMAGE_USAGE_TRANSFER_SRC_BIT
DEBUG   | Not Supported: VK_FORMAT_G10X6_B10X6R10X6_2PLANE_420_UNORM_3PACK16 VK_IMAGE_TYPE_2D VK_IMAGE_TILING_LINEAR VK_IMAGE_USAGE_TRANSFER_DST_BIT
DEBUG   | Not Supported: VK_FORMAT_G10X6_B10X6R10X6_2PLANE_420_UNORM_3PACK16 VK_IMAGE_TYPE_2D VK_IMAGE_TILING_OPTIMAL VK_IMAGE_USAGE_COLOR_ATTACHMENT_BIT
DEBUG   | Not Supported: VK_FORMAT_G10X6_B10X6R10X6_2PLANE_420_UNORM_3PACK16 VK_IMAGE_TYPE_2D VK_IMAGE_TILING_OPTIMAL VK_IMAGE_USAGE_INPUT_ATTACHMENT_BIT
DEBUG   | Not Supported: VK_FORMAT_G10X6_B10X6R10X6_2PLANE_420_UNORM_3PACK16 VK_IMAGE_TYPE_2D VK_IMAGE_TILING_OPTIMAL VK_IMAGE_USAGE_SAMPLED_BIT
DEBUG   | Not Supported: VK_FORMAT_G10X6_B10X6R10X6_2PLANE_420_UNORM_3PACK16 VK_IMAGE_TYPE_2D VK_IMAGE_TILING_OPTIMAL VK_IMAGE_USAGE_TRANSFER_SRC_BIT
DEBUG   | Not Supported: VK_FORMAT_G10X6_B10X6R10X6_2PLANE_420_UNORM_3PACK16 VK_IMAGE_TYPE_2D VK_IMAGE_TILING_OPTIMAL VK_IMAGE_USAGE_TRANSFER_DST_BIT
DEBUG   | Supported: VK_FORMAT_D16_UNORM VK_IMAGE_TYPE_2D VK_IMAGE_TILING_OPTIMAL VK_IMAGE_USAGE_DEPTH_STENCIL_ATTACHMENT_BIT, supportsExternalMemory? 0, requiresDedicated? 0
DEBUG   | Supported: VK_FORMAT_D16_UNORM VK_IMAGE_TYPE_2D VK_IMAGE_TILING_OPTIMAL VK_IMAGE_USAGE_INPUT_ATTACHMENT_BIT, supportsExternalMemory? 0, requiresDedicated? 0
DEBUG   | Supported: VK_FORMAT_D16_UNORM VK_IMAGE_TYPE_2D VK_IMAGE_TILING_OPTIMAL VK_IMAGE_USAGE_SAMPLED_BIT, supportsExternalMemory? 0, requiresDedicated? 0
DEBUG   | Supported: VK_FORMAT_D16_UNORM VK_IMAGE_TYPE_2D VK_IMAGE_TILING_OPTIMAL VK_IMAGE_USAGE_TRANSFER_SRC_BIT, supportsExternalMemory? 0, requiresDedicated? 0
DEBUG   | Supported: VK_FORMAT_D16_UNORM VK_IMAGE_TYPE_2D VK_IMAGE_TILING_OPTIMAL VK_IMAGE_USAGE_TRANSFER_DST_BIT, supportsExternalMemory? 0, requiresDedicated? 0
DEBUG   | Not Supported: VK_FORMAT_X8_D24_UNORM_PACK32 VK_IMAGE_TYPE_2D VK_IMAGE_TILING_OPTIMAL VK_IMAGE_USAGE_DEPTH_STENCIL_ATTACHMENT_BIT
DEBUG   | Not Supported: VK_FORMAT_X8_D24_UNORM_PACK32 VK_IMAGE_TYPE_2D VK_IMAGE_TILING_OPTIMAL VK_IMAGE_USAGE_INPUT_ATTACHMENT_BIT
DEBUG   | Not Supported: VK_FORMAT_X8_D24_UNORM_PACK32 VK_IMAGE_TYPE_2D VK_IMAGE_TILING_OPTIMAL VK_IMAGE_USAGE_SAMPLED_BIT
DEBUG   | Not Supported: VK_FORMAT_X8_D24_UNORM_PACK32 VK_IMAGE_TYPE_2D VK_IMAGE_TILING_OPTIMAL VK_IMAGE_USAGE_TRANSFER_SRC_BIT
DEBUG   | Not Supported: VK_FORMAT_X8_D24_UNORM_PACK32 VK_IMAGE_TYPE_2D VK_IMAGE_TILING_OPTIMAL VK_IMAGE_USAGE_TRANSFER_DST_BIT
DEBUG   | Not Supported: VK_FORMAT_D24_UNORM_S8_UINT VK_IMAGE_TYPE_2D VK_IMAGE_TILING_OPTIMAL VK_IMAGE_USAGE_DEPTH_STENCIL_ATTACHMENT_BIT
DEBUG   | Not Supported: VK_FORMAT_D24_UNORM_S8_UINT VK_IMAGE_TYPE_2D VK_IMAGE_TILING_OPTIMAL VK_IMAGE_USAGE_INPUT_ATTACHMENT_BIT
DEBUG   | Not Supported: VK_FORMAT_D24_UNORM_S8_UINT VK_IMAGE_TYPE_2D VK_IMAGE_TILING_OPTIMAL VK_IMAGE_USAGE_SAMPLED_BIT
DEBUG   | Not Supported: VK_FORMAT_D24_UNORM_S8_UINT VK_IMAGE_TYPE_2D VK_IMAGE_TILING_OPTIMAL VK_IMAGE_USAGE_TRANSFER_SRC_BIT
DEBUG   | Not Supported: VK_FORMAT_D24_UNORM_S8_UINT VK_IMAGE_TYPE_2D VK_IMAGE_TILING_OPTIMAL VK_IMAGE_USAGE_TRANSFER_DST_BIT
DEBUG   | Supported: VK_FORMAT_D32_SFLOAT VK_IMAGE_TYPE_2D VK_IMAGE_TILING_OPTIMAL VK_IMAGE_USAGE_DEPTH_STENCIL_ATTACHMENT_BIT, supportsExternalMemory? 0, requiresDedicated? 0
DEBUG   | Supported: VK_FORMAT_D32_SFLOAT VK_IMAGE_TYPE_2D VK_IMAGE_TILING_OPTIMAL VK_IMAGE_USAGE_INPUT_ATTACHMENT_BIT, supportsExternalMemory? 0, requiresDedicated? 0
DEBUG   | Supported: VK_FORMAT_D32_SFLOAT VK_IMAGE_TYPE_2D VK_IMAGE_TILING_OPTIMAL VK_IMAGE_USAGE_SAMPLED_BIT, supportsExternalMemory? 0, requiresDedicated? 0
DEBUG   | Supported: VK_FORMAT_D32_SFLOAT VK_IMAGE_TYPE_2D VK_IMAGE_TILING_OPTIMAL VK_IMAGE_USAGE_TRANSFER_SRC_BIT, supportsExternalMemory? 0, requiresDedicated? 0
DEBUG   | Supported: VK_FORMAT_D32_SFLOAT VK_IMAGE_TYPE_2D VK_IMAGE_TILING_OPTIMAL VK_IMAGE_USAGE_TRANSFER_DST_BIT, supportsExternalMemory? 0, requiresDedicated? 0
DEBUG   | Supported: VK_FORMAT_D32_SFLOAT_S8_UINT VK_IMAGE_TYPE_2D VK_IMAGE_TILING_OPTIMAL VK_IMAGE_USAGE_DEPTH_STENCIL_ATTACHMENT_BIT, supportsExternalMemory? 0, requiresDedicated? 0
DEBUG   | Supported: VK_FORMAT_D32_SFLOAT_S8_UINT VK_IMAGE_TYPE_2D VK_IMAGE_TILING_OPTIMAL VK_IMAGE_USAGE_INPUT_ATTACHMENT_BIT, supportsExternalMemory? 0, requiresDedicated? 0
DEBUG   | Supported: VK_FORMAT_D32_SFLOAT_S8_UINT VK_IMAGE_TYPE_2D VK_IMAGE_TILING_OPTIMAL VK_IMAGE_USAGE_SAMPLED_BIT, supportsExternalMemory? 0, requiresDedicated? 0
DEBUG   | Supported: VK_FORMAT_D32_SFLOAT_S8_UINT VK_IMAGE_TYPE_2D VK_IMAGE_TILING_OPTIMAL VK_IMAGE_USAGE_TRANSFER_SRC_BIT, supportsExternalMemory? 0, requiresDedicated? 0
DEBUG   | Supported: VK_FORMAT_D32_SFLOAT_S8_UINT VK_IMAGE_TYPE_2D VK_IMAGE_TILING_OPTIMAL VK_IMAGE_USAGE_TRANSFER_DST_BIT, supportsExternalMemory? 0, requiresDedicated? 0
INFO         | Selecting Vulkan device: SwiftShader Device (LLVM 10.0.0), Version: 1.2.0
DEBUG   | Crash dump message: 'Selecting Vulkan device: SwiftShader Device (LLVM 10.0.0), Version: 1.2.0'
INFO         | Using Vulkan externalMemoryMode: HostAllocation for VkEmulation
DEBUG   | VkEmulation deviceInfo:
DEBUG   |     hasGraphicsQueueFamily = true
DEBUG   |     hasComputeQueueFamily = true
DEBUG   |     externalMemoryMode = HostAllocation
DEBUG   |     supportsExternalMemoryImport = true
DEBUG   |     supportsExternalMemoryExport = true
DEBUG   |     supportsDmaBuf = false
DEBUG   |     supportsDriverProperties = true
DEBUG   |     supportsExternalMemoryHostProps = true
DEBUG   |     hasSamplerYcbcrConversionExtension = true
DEBUG   |     supportsSamplerYcbcrConversion = true
DEBUG   |     glInteropSupported = false
DEBUG   |     hasNvidiaDeviceDiagnosticCheckpointsExtension = false
DEBUG   |     supportsNvidiaDeviceDiagnosticCheckpoints = false
DEBUG   |     supportsPrivateData = false
DEBUG   | Crash dump message: 'VkEmulation deviceInfo: 
hasGraphicsQueueFamily = 1
hasComputeQueueFamily = 1
externalMemoryMode = HostAllocation
supportsExternalMemoryImport = 1
supportsExternalMemoryExport = 1
supportsDriverProperties = 1
supportsExternalMemoryHostProps = 1
hasSamplerYcbcrConversionExtension = 1
supportsSamplerYcbcrConversion = 1
glInteropSupported = 0
hasNvidiaDeviceDiagnosticCheckpointsExtension = 0
supportsNvidiaDeviceDiagnosticCheckpoints = 0
supportsPrivateData = 0
'
DEBUG   | Vulkan logical device created and extension functions obtained.
DEBUG   | Vulkan device queue obtained.
VERBOSE | create: selected memory type index = 0, propertyFlags = 15, heapIndex = 0
VERBOSE | Creating YCbCr sampler for VK_FORMAT_G8_B8R8_2PLANE_420_UNORM
VERBOSE | Creating YCbCr sampler for VK_FORMAT_G8_B8R8_2PLANE_420_UNORM
VERBOSE | Creating YCbCr sampler for VK_FORMAT_G8_B8_R8_3PLANE_420_UNORM
VERBOSE | Creating YCbCr sampler for VK_FORMAT_G8_B8_R8_3PLANE_420_UNORM
VERBOSE | Vulkan global emulation state successfully initialized.
DEBUG   | Crash dump message: 'Vulkan emulation initialized'
VERBOSE | SharedLibrary::open for [libGLESv2.dll]: not found in map, open for the first time
VERBOSE | SharedLibrary::open for [libGLESv2.dll] (win32): call LoadLibrary
VERBOSE | SharedLibrary::open succeeded for [libGLESv2.dll]. File name: [C:\Android\emulator\lib64\gles_swiftshader\libGLESv2.dll]
VERBOSE | SharedLibrary::open for [libEGL.dll]: not found in map, open for the first time
VERBOSE | SharedLibrary::open for [libEGL.dll] (win32): call LoadLibrary
VERBOSE | SharedLibrary::open succeeded for [libEGL.dll]. File name: [C:\Android\emulator\lib64\gles_swiftshader\libEGL.dll]
VERBOSE | EglOsEglDisplay: client exts: [EGL_KHR_create_context EGL_KHR_get_all_proc_addresses EGL_KHR_gl_texture_2D_image EGL_KHR_gl_texture_cubemap_image EGL_KHR_gl_renderbuffer_image EGL_KHR_fence_sync EGL_KHR_image_base EGL_ANDROID_framebuffer_target EGL_ANDROID_recordable]
DEBUG   | call eglInitialize
VERBOSE | queryConfigs: num configs: 75
VERBOSE | glGetTexLevelParameteriv not found
VERBOSE | glGetTexLevelParameterfv not found
VERBOSE | glPushAttrib not found
VERBOSE | glPushClientAttrib not found
VERBOSE | glPopAttrib not found
VERBOSE | glPopClientAttrib not found
VERBOSE | glAlphaFunc not found
VERBOSE | glBegin not found
VERBOSE | glClientActiveTexture not found
VERBOSE | glClipPlane not found
VERBOSE | glColor4d not found
VERBOSE | glColor4f not found
VERBOSE | glColor4fv not found
VERBOSE | glColor4ub not found
VERBOSE | glColor4ubv not found
VERBOSE | glColorPointer not found
VERBOSE | glDisableClientState not found
VERBOSE | glEnableClientState not found
VERBOSE | glEnd not found
VERBOSE | glFogf not found
VERBOSE | glFogfv not found
VERBOSE | glGetClipPlane not found
VERBOSE | glGetDoublev not found
VERBOSE | glGetLightfv not found
VERBOSE | glGetMaterialfv not found
VERBOSE | glGetPointerv not found
VERBOSE | glGetTexEnvfv not found
VERBOSE | glGetTexEnviv not found
VERBOSE | glLightf not found
VERBOSE | glLightfv not found
VERBOSE | glLightModelf not found
VERBOSE | glLightModelfv not found
VERBOSE | glLoadIdentity not found
VERBOSE | glLoadMatrixf not found
VERBOSE | glLogicOp not found
VERBOSE | glMaterialf not found
VERBOSE | glMaterialfv not found
VERBOSE | glMultiTexCoord2fv not found
VERBOSE | glMultiTexCoord2sv not found
VERBOSE | glMultiTexCoord3fv not found
VERBOSE | glMultiTexCoord3sv not found
VERBOSE | glMultiTexCoord4f not found
VERBOSE | glMultiTexCoord4fv not found
VERBOSE | glMultiTexCoord4sv not found
VERBOSE | glMultMatrixf not found
VERBOSE | glNormal3f not found
VERBOSE | glNormal3fv not found
VERBOSE | glNormal3sv not found
VERBOSE | glOrtho not found
VERBOSE | glPointParameterf not found
VERBOSE | glPointParameterfv not found
VERBOSE | glPointSize not found
VERBOSE | glRotatef not found
VERBOSE | glScalef not found
VERBOSE | glTexEnvf not found
VERBOSE | glTexEnvfv not found
VERBOSE | glMatrixMode not found
VERBOSE | glNormalPointer not found
VERBOSE | glPopMatrix not found
VERBOSE | glPushMatrix not found
VERBOSE | glShadeModel not found
VERBOSE | glTexCoordPointer not found
VERBOSE | glTexEnvi not found
VERBOSE | glTexEnviv not found
VERBOSE | glTranslatef not found
VERBOSE | glVertexPointer not found
VERBOSE | glClipPlanef not found
VERBOSE | glFrustumf not found
VERBOSE | glGetClipPlanef not found
VERBOSE | glOrthof not found
VERBOSE | glAlphaFuncx not found
VERBOSE | glClearColorx not found
VERBOSE | glClearDepthx not found
VERBOSE | glColor4x not found
VERBOSE | glDepthRangex not found
VERBOSE | glFogx not found
VERBOSE | glFogxv not found
VERBOSE | glFrustumx not found
VERBOSE | glClipPlanex not found
VERBOSE | glGetFixedv not found
VERBOSE | glGetLightxv not found
VERBOSE | glGetMaterialxv not found
VERBOSE | glGetTexEnvxv not found
VERBOSE | glGetTexParameterxv not found
VERBOSE | glLightModelx not found
VERBOSE | glLightModelxv not found
VERBOSE | glLightx not found
VERBOSE | glLightxv not found
VERBOSE | glLineWidthx not found
VERBOSE | glLoadMatrixx not found
VERBOSE | glMaterialx not found
VERBOSE | glMaterialxv not found
VERBOSE | glMultMatrixx not found
VERBOSE | glMultiTexCoord4x not found
VERBOSE | glNormal3x not found
VERBOSE | glOrthox not found
VERBOSE | glPointParameterx not found
VERBOSE | glPointParameterxv not found
VERBOSE | glPointSizex not found
VERBOSE | glPolygonOffsetx not found
VERBOSE | glRotatex not found
VERBOSE | glSampleCoveragex not found
VERBOSE | glScalex not found
VERBOSE | glTexEnvx not found
VERBOSE | glTexEnvxv not found
VERBOSE | glTexParameterx not found
VERBOSE | glTexParameterxv not found
VERBOSE | glTranslatex not found
VERBOSE | glGetClipPlanex not found
DEBUG   | Create: Maximum Vulkan API version will be limited
DEBUG   | vk icd software rendering, disable interop
DEBUG   | glvk interop final: 0
INFO         | Initializing VkEmulation features:
INFO         |     glInteropSupported: false
INFO         |     useDeferredCommands: true
INFO         |     createResourceWithRequirements: true
INFO         |     useVulkanComposition: false
INFO         |     useVulkanNativeSwapchain: false
INFO         |     enable guestRenderDoc: false
INFO         |     ASTC LDR emulation mode: Gpu
INFO         |     enable ETC2 emulation: true
INFO         |     enable Ycbcr emulation: false
INFO         |     guestVulkanOnly: false
INFO         |     useDedicatedAllocations: false
INFO         |     guestVulkanMaxApiVersion: 1.3.0
INFO         |     enableProtectedMemoryEmulation: false
DEBUG   | ColorBuffer 4294967295, 64x64, VK_FORMAT_R8G8B8A8_UNORM, Memory [size: 16400, type: 0, props: 15 / 1]
DEBUG   | Representative ColorBuffer memory type using host memory type index 0 and guest memory type index :0
DEBUG   | Performing composition using CompositorGl.
INFO         | Graphics Adapter Vendor Google (Google Inc.)
INFO         | Graphics Adapter Android Emulator OpenGL ES Translator (Google SwiftShader)
INFO         | Graphics API Version OpenGL ES 3.0 (OpenGL ES 3.0 SwiftShader 4.0.0.1)
INFO         | Graphics API Extensions GL_OES_EGL_sync GL_OES_EGL_image GL_OES_EGL_image_external GL_OES_depth24 GL_OES_depth32 GL_OES_element_index_uint GL_OES_texture_float GL_OES_texture_float_linear GL_OES_compressed_paletted_texture GL_OES_compressed_ETC1_RGB8_texture GL_OES_depth_texture GL_OES_texture_half_float GL_OES_texture_half_float_linear GL_OES_packed_depth_stencil GL_OES_vertex_half_float GL_OES_standard_derivatives GL_OES_texture_npot GL_OES_rgb8_rgba8 GL_EXT_color_buffer_float GL_EXT_color_buffer_half_float GL_EXT_texture_format_BGRA8888 GL_APPLE_texture_format_BGRA8888 
INFO         | Graphics Device Extensions N/A
INFO         | Disabling sparse binding feature support
DEBUG   | Renderer initialized successfully
INFO         | Setting vsync to 60 hz
DEBUG   | CMD_SET_VSYNC_HZ
DEBUG   | Exited a loader RenderThread @000001D45D03C010
INFO         | Sending adb public key [QAAAALWSUsFjtIK21DHSkAvF+DcOegCEvVIYbaj16jgC2IDa64Z3//TI2IiE6FTAWTZnk6JIfgzvwtFGXBFifrBISelYXXgaTdGqazcbnxsjDqsSxdiUr2Nqi6D8KXmziRsL5cD2/wy0jKH/AKztOOSXHyu8pFDers83VsI4eiFPJNDYkB3nRUB/jNTWfeEjGwClvRv0ICT8pbsWp3D2I751FXsadJGwoaCFqa9ihfNYlE8Zyeu24H3Mxu7jfRFFvlJd0kFPAHUqvoAoxIOLQjsA5N9tEkaeFseNUqSVPbzeMle2i1TjJrVOTGNMDubp/CPeg794xorziUN74e3zsx/MT8kJv0OldegWAS5QukAmyqcPZFDk0WkVuvnouB6mhb5bBtqRqcpJvNVP0drgN8Wuk1C2GOdGgPCt53bfV8QfVoq/YgkEjDTHymq2LX7H6qqTo1FuW3HVAUvvPgreQ7TfRGRn1XDuIv2d855fTmGjMuDR08Ueh+QQ+fCRcY2Q33h8taOjKp9wgx7RI8vICOmTXqRYxLJLynnMfyISnFU2fxN9wblRkOqtRd3P6G+tHhtNC+XkW32ZIJsDxDy55Hopkfalig3w9m/1s45U+L4jUKATJU9YNzCgb/WlUTPfGXuVt59KpN1rHwOBF7AAQ/Bz5zv7a7COK9YB/eRPh1orl0LVlcV6JgEAAQA= @unknown]
INFO         | Userspace boot properties:
INFO         |   androidboot.boot_devices=pci0000:00/0000:00:03.0 pci0000:00/0000:00:06.0
INFO         |   androidboot.dalvik.vm.heapsize=512m
INFO         |   androidboot.debug.hwui.renderer=skiagl
INFO         |   androidboot.hardware=ranchu
INFO         |   androidboot.hardware.gltransport=pipe
INFO         |   androidboot.hardware.vulkan=ranchu
INFO         |   androidboot.logcat=*:V
INFO         |   androidboot.opengles.version=196608
INFO         |   androidboot.qemu=1
INFO         |   androidboot.qemu.adb.pubkey=QAAAALWSUsFjtIK21DHSkAvF+DcOegCEvVIYbaj16jgC2IDa64Z3//TI2IiE6FTAWTZnk6JIfgzvwtFGXBFifrBISelYXXgaTdGqazcbnxsjDqsSxdiUr2Nqi6D8KXmziRsL5cD2/wy0jKH/AKztOOSXHyu8pFDers83VsI4eiFPJNDYkB3nRUB/jNTWfeEjGwClvRv0ICT8pbsWp3D2I751FXsadJGwoaCFqa9ihfNYlE8Zyeu24H3Mxu7jfRFFvlJd0kFPAHUqvoAoxIOLQjsA5N9tEkaeFseNUqSVPbzeMle2i1TjJrVOTGNMDubp/CPeg794xorziUN74e3zsx/MT8kJv0OldegWAS5QukAmyqcPZFDk0WkVuvnouB6mhb5bBtqRqcpJvNVP0drgN8Wuk1C2GOdGgPCt53bfV8QfVoq/YgkEjDTHymq2LX7H6qqTo1FuW3HVAUvvPgreQ7TfRGRn1XDuIv2d855fTmGjMuDR08Ueh+QQ+fCRcY2Q33h8taOjKp9wgx7RI8vICOmTXqRYxLJLynnMfyISnFU2fxN9wblRkOqtRd3P6G+tHhtNC+XkW32ZIJsDxDy55Hopkfalig3w9m/1s45U+L4jUKATJU9YNzCgb/WlUTPfGXuVt59KpN1rHwOBF7AAQ/Bz5zv7a7COK9YB/eRPh1orl0LVlcV6JgEAAQA= @unknown
INFO         |   androidboot.qemu.avd_name=Television_1080p
INFO         |   androidboot.qemu.camera_hq_edge_processing=0
INFO         |   androidboot.qemu.camera_protocol_ver=1
INFO         |   androidboot.qemu.cpuvulkan.version=4206592
INFO         |   androidboot.qemu.gltransport.drawFlushInterval=800
INFO         |   androidboot.qemu.gltransport.name=pipe
INFO         |   androidboot.qemu.hwcodec.avcdec=2
INFO         |   androidboot.qemu.hwcodec.hevcdec=2
INFO         |   androidboot.qemu.hwcodec.vpxdec=2
INFO         |   androidboot.qemu.settings.system.screen_off_timeout=2147483647
INFO         |   androidboot.qemu.skin=tv_1080p
INFO         |   androidboot.qemu.virtiowifi=1
INFO         |   androidboot.qemu.vsync=60
INFO         |   androidboot.serialno=EMULATOR37X1X11X0
INFO         |   androidboot.vbmeta.digest=2e3baee65c3f882eaf5e7a3e8561a7118aee59f8cba5fecce5f8327885060a9b
INFO         |   androidboot.vbmeta.hash_alg=sha256
INFO         |   androidboot.vbmeta.size=6848
INFO         |   androidboot.veritymode=enforcing
INFO         | Android bootconfig:
INFO         |   androidboot.boot_devices="pci0000:00/0000:00:03.0 pci0000:00/0000:00:06.0"
INFO         |   androidboot.dalvik.vm.heapsize="512m"
INFO         |   androidboot.debug.hwui.renderer="skiagl"
INFO         |   androidboot.hardware="ranchu"
INFO         |   androidboot.hardware.gltransport="pipe"
INFO         |   androidboot.hardware.vulkan="ranchu"
INFO         |   androidboot.logcat="*:V"
INFO         |   androidboot.opengles.version="196608"
INFO         |   androidboot.qemu="1"
INFO         |   androidboot.qemu.adb.pubkey="QAAAALWSUsFjtIK21DHSkAvF+DcOegCEvVIYbaj16jgC2IDa64Z3//TI2IiE6FTAWTZnk6JIfgzvwtFGXBFifrBISelYXXgaTdGqazcbnxsjDqsSxdiUr2Nqi6D8KXmziRsL5cD2/wy0jKH/AKztOOSXHyu8pFDers83VsI4eiFPJNDYkB3nRUB/jNTWfeEjGwClvRv0ICT8pbsWp3D2I751FXsadJGwoaCFqa9ihfNYlE8Zyeu24H3Mxu7jfRFFvlJd0kFPAHUqvoAoxIOLQjsA5N9tEkaeFseNUqSVPbzeMle2i1TjJrVOTGNMDubp/CPeg794xorziUN74e3zsx/MT8kJv0OldegWAS5QukAmyqcPZFDk0WkVuvnouB6mhb5bBtqRqcpJvNVP0drgN8Wuk1C2GOdGgPCt53bfV8QfVoq/YgkEjDTHymq2LX7H6qqTo1FuW3HVAUvvPgreQ7TfRGRn1XDuIv2d855fTmGjMuDR08Ueh+QQ+fCRcY2Q33h8taOjKp9wgx7RI8vICOmTXqRYxLJLynnMfyISnFU2fxN9wblRkOqtRd3P6G+tHhtNC+XkW32ZIJsDxDy55Hopkfalig3w9m/1s45U+L4jUKATJU9YNzCgb/WlUTPfGXuVt59KpN1rHwOBF7AAQ/Bz5zv7a7COK9YB/eRPh1orl0LVlcV6JgEAAQA= @unknown"
INFO         |   androidboot.qemu.avd_name="Television_1080p"
INFO         |   androidboot.qemu.camera_hq_edge_processing="0"
INFO         |   androidboot.qemu.camera_protocol_ver="1"
INFO         |   androidboot.qemu.cpuvulkan.version="4206592"
INFO         |   androidboot.qemu.gltransport.drawFlushInterval="800"
INFO         |   androidboot.qemu.gltransport.name="pipe"
INFO         |   androidboot.qemu.hwcodec.avcdec="2"
INFO         |   androidboot.qemu.hwcodec.hevcdec="2"
INFO         |   androidboot.qemu.hwcodec.vpxdec="2"
INFO         |   androidboot.qemu.settings.system.screen_off_timeout="2147483647"
INFO         |   androidboot.qemu.skin="tv_1080p"
INFO         |   androidboot.qemu.virtiowifi="1"
INFO         |   androidboot.qemu.vsync="60"
INFO         |   androidboot.serialno="EMULATOR37X1X11X0"
INFO         |   androidboot.vbmeta.digest="2e3baee65c3f882eaf5e7a3e8561a7118aee59f8cba5fecce5f8327885060a9b"
INFO         |   androidboot.vbmeta.hash_alg="sha256"
INFO         |   androidboot.vbmeta.size="6848"
INFO         |   androidboot.veritymode="enforcing"
DEBUG   | Found 1 DNS servers:
DEBUG   | 	8.8.8.8
INFO         | Content of hardware configuration file:
INFO         | 	hw.cpu.arch = x86_64
INFO         | 	hw.cpu.ncore = 4
INFO         | 	hw.ramSize = 2048
INFO         | 	hw.screen = no-touch
INFO         | 	hw.mainKeys = true
INFO         | 	hw.touchpad0 = false
INFO         | 	hw.touchpad0.width = 600
INFO         | 	hw.touchpad0.height = 400
INFO         | 	hw.trackBall = false
INFO         | 	hw.keyboard = true
INFO         | 	hw.keyboard.lid = true
INFO         | 	hw.keyboard.charmap = qwerty2
INFO         | 	hw.dPad = true
INFO         | 	hw.rotaryInput = false
INFO         | 	hw.gsmModem = true
INFO         | 	hw.gps = true
INFO         | 	hw.battery = false
INFO         | 	hw.accelerometer = false
INFO         | 	hw.accelerometer_uncalibrated = true
INFO         | 	hw.gyroscope = false
INFO         | 	hw.audioInput = true
INFO         | 	hw.audioOutput = true
INFO         | 	hw.sdCard = true
INFO         | 	hw.sdCard.path = C:\Users\Админ\.android\avd\..\avd\Television_1080p.avd\sdcard.img
INFO         | 	disk.cachePartition = true
INFO         | 	disk.cachePartition.path = C:\Users\Админ\.android\avd\..\avd\Television_1080p.avd\cache.img
INFO         | 	disk.cachePartition.size = 66m
INFO         | 	test.quitAfterBootTimeOut = -1
INFO         | 	test.delayAdbTillBootComplete = 0
INFO         | 	test.monitorAdb = 0
INFO         | 	hw.lcd.width = 1920
INFO         | 	hw.lcd.height = 1080
INFO         | 	hw.lcd.depth = 32
INFO         | 	hw.lcd.circular = false
INFO         | 	hw.lcd.density = 320
INFO         | 	hw.lcd.transparent = false
INFO         | 	hw.lcd.backlight = true
INFO         | 	hw.lcd.vsync = 60
INFO         | 	hw.gltransport = pipe
INFO         | 	hw.gltransport.asg.writeBufferSize = 1048576
INFO         | 	hw.gltransport.asg.writeStepSize = 4096
INFO         | 	hw.gltransport.asg.dataRingSize = 32768
INFO         | 	hw.gltransport.drawFlushInterval = 800
INFO         | 	hw.displayRegion.0.1.xOffset = -1
INFO         | 	hw.displayRegion.0.1.yOffset = -1
INFO         | 	hw.displayRegion.0.1.width = 0
INFO         | 	hw.displayRegion.0.1.height = 0
INFO         | 	hw.displayRegion.0.2.xOffset = -1
INFO         | 	hw.displayRegion.0.2.yOffset = -1
INFO         | 	hw.displayRegion.0.2.width = 0
INFO         | 	hw.displayRegion.0.2.height = 0
INFO         | 	hw.displayRegion.0.3.xOffset = -1
INFO         | 	hw.displayRegion.0.3.yOffset = -1
INFO         | 	hw.displayRegion.0.3.width = 0
INFO         | 	hw.displayRegion.0.3.height = 0
INFO         | 	hw.display1.width = 0
INFO         | 	hw.display1.height = 0
INFO         | 	hw.display1.density = 0
INFO         | 	hw.display1.xOffset = -1
INFO         | 	hw.display1.yOffset = -1
INFO         | 	hw.display1.flag = 0
INFO         | 	hw.display2.width = 0
INFO         | 	hw.display2.height = 0
INFO         | 	hw.display2.density = 0
INFO         | 	hw.display2.xOffset = -1
INFO         | 	hw.display2.yOffset = -1
INFO         | 	hw.display2.flag = 0
INFO         | 	hw.display3.width = 0
INFO         | 	hw.display3.height = 0
INFO         | 	hw.display3.density = 0
INFO         | 	hw.display3.xOffset = -1
INFO         | 	hw.display3.yOffset = -1
INFO         | 	hw.display3.flag = 0
INFO         | 	hw.multi_display_window = false
INFO         | 	hw.hotplug_multi_display = false
INFO         | 	hw.gpu.enabled = true
INFO         | 	hw.gpu.mode = swiftshader
INFO         | 	hw.initialOrientation = landscape
INFO         | 	hw.camera.back = none
INFO         | 	hw.camera.back.orientation = 90
INFO         | 	hw.camera.front = emulated
INFO         | 	hw.camera.front.orientation = 90
INFO         | 	vm.heapSize = 512
INFO         | 	hw.sensors.light = true
INFO         | 	hw.sensors.pressure = false
INFO         | 	hw.sensors.humidity = true
INFO         | 	hw.sensors.proximity = false
INFO         | 	hw.sensors.magnetic_field = false
INFO         | 	hw.sensors.magnetic_field_uncalibrated = true
INFO         | 	hw.sensors.gyroscope_uncalibrated = true
INFO         | 	hw.sensors.orientation = false
INFO         | 	hw.sensors.temperature = true
INFO         | 	hw.sensors.rgbclight = false
INFO         | 	hw.sensor.hinge = false
INFO         | 	hw.sensor.hinge.count = 0
INFO         | 	hw.sensor.hinge.type = 0
INFO         | 	hw.sensor.hinge.sub_type = 0
INFO         | 	hw.sensor.hinge.resizable.config = 1
INFO         | 	hw.sensor.hinge.fold_to_displayRegion.0.1_at_posture = 1
INFO         | 	hw.sensor.roll = false
INFO         | 	hw.sensor.roll.count = 0
INFO         | 	hw.sensor.roll.resize_to_displayRegion.0.1_at_posture = 6
INFO         | 	hw.sensor.roll.resize_to_displayRegion.0.2_at_posture = 6
INFO         | 	hw.sensor.roll.resize_to_displayRegion.0.3_at_posture = 6
INFO         | 	hw.sensors.heart_rate = false
INFO         | 	hw.sensors.wrist_tilt = false
INFO         | 	hw.sensors.heading = false
INFO         | 	hw.useext4 = true
INFO         | 	hw.device.name = tv_1080p
INFO         | 	kernel.path = C:\Android\system-images\android-36\google-tv\x86_64\\kernel-ranchu
INFO         | 	kernel.newDeviceNaming = yes
INFO         | 	kernel.supportsYaffs2 = no
INFO         | 	disk.ramdisk.path = C:\Android\system-images\android-36\google-tv\x86_64\\ramdisk.img
INFO         | 	disk.systemPartition.initPath = C:\Android\system-images\android-36\google-tv\x86_64\\system.img
INFO         | 	disk.systemPartition.size = 8203m
INFO         | 	disk.vendorPartition.initPath = C:\Android\system-images\android-36\google-tv\x86_64\\vendor.img
INFO         | 	disk.vendorPartition.size = 800m
INFO         | 	disk.dataPartition.path = C:\Users\Админ\.android\avd\..\avd\Television_1080p.avd\userdata-qemu.img
INFO         | 	disk.dataPartition.size = 6g
INFO         | 	disk.encryptionKeyPartition.path = C:\Users\Админ\.android\avd\..\avd\Television_1080p.avd\encryptionkey.img
INFO         | 	PlayStore.enabled = false
INFO         | 	avd.name = Television_1080p
INFO         | 	avd.id = Television_1080p
INFO         | 	fastboot.forceColdBoot = false
INFO         | 	userdata.useQcow2 = true
INFO         | 	firstboot.bootFromDownloadableSnapshot = true
INFO         | 	firstboot.bootFromLocalSnapshot = true
INFO         | 	firstboot.saveToLocalSnapshot = true
INFO         | 	android.sdk.root = C:\Android
INFO         | 	android.avd.home = C:\Users\Админ\.android\avd
INFO         | 	environment.width = 0
INFO         | 	environment.height = 0
INFO         | .
INFO         | QEMU options list:
INFO         | 	 argv[00] = "C:\Android\emulator\qemu\windows-x86_64\qemu-system-x86_64.exe"
INFO         | 	 argv[01] = "-dns-server"
INFO         | 	 argv[02] = "8.8.8.8"
INFO         | 	 argv[03] = "-mem-path"
INFO         | 	 argv[04] = "C:\Users\Админ\.android\avd\Television_1080p.avd\snapshots\default_boot\ram.img"
INFO         | 	 argv[05] = "-mem-file-shared"
INFO         | 	 argv[06] = "-serial"
INFO         | 	 argv[07] = "null"
INFO         | 	 argv[08] = "-device"
INFO         | 	 argv[09] = "goldfish_pstore,addr=0xff018000,size=0x10000,file=C:\Users\Админ\.android\avd\..\avd\Television_1080p.avd\data\misc\pstore\pstore.bin"
INFO         | 	 argv[10] = "-cpu"
INFO         | 	 argv[11] = "android64"
INFO         | 	 argv[12] = "-enable-whpx"
INFO         | 	 argv[13] = "-smp"
INFO         | 	 argv[14] = "cores=4"
INFO         | 	 argv[15] = "-m"
INFO         | 	 argv[16] = "2048"
INFO         | 	 argv[17] = "-lcd-density"
INFO         | 	 argv[18] = "320"
INFO         | 	 argv[19] = "-nodefaults"
INFO         | 	 argv[20] = "-kernel"
INFO         | 	 argv[21] = "C:\Android\system-images\android-36\google-tv\x86_64\\kernel-ranchu"
INFO         | 	 argv[22] = "-initrd"
INFO         | 	 argv[23] = "C:\Users\Админ\.android\avd\..\avd\Television_1080p.avd\initrd"
INFO         | 	 argv[24] = "-drive"
INFO         | 	 argv[25] = "if=none,index=0,id=system,if=none,file=C:\Android\system-images\android-36\google-tv\x86_64\\system.img,read-only"
INFO         | 	 argv[26] = "-device"
INFO         | 	 argv[27] = "virtio-blk-pci,drive=system,modern-pio-notify"
INFO         | 	 argv[28] = "-drive"
INFO         | 	 argv[29] = "if=none,index=1,id=cache,if=none,file=C:\Users\Админ\.android\avd\..\avd\Television_1080p.avd\cache.img.qcow2,overlap-check=none,cache=unsafe,l2-cache-size=1048576"
INFO         | 	 argv[30] = "-device"
INFO         | 	 argv[31] = "virtio-blk-pci,drive=cache,modern-pio-notify"
INFO         | 	 argv[32] = "-drive"
INFO         | 	 argv[33] = "if=none,index=2,id=userdata,if=none,file=C:\Users\Админ\.android\avd\..\avd\Television_1080p.avd\userdata-qemu.img.qcow2,overlap-check=none,cache=unsafe,l2-cache-size=1048576"
INFO         | 	 argv[34] = "-device"
INFO         | 	 argv[35] = "virtio-blk-pci,drive=userdata,modern-pio-notify"
INFO         | 	 argv[36] = "-drive"
INFO         | 	 argv[37] = "if=none,index=3,id=encrypt,if=none,file=C:\Users\Админ\.android\avd\..\avd\Television_1080p.avd\encryptionkey.img.qcow2,overlap-check=none,cache=unsafe,l2-cache-size=1048576"
INFO         | 	 argv[38] = "-device"
INFO         | 	 argv[39] = "virtio-blk-pci,drive=encrypt,modern-pio-notify"
INFO         | 	 argv[40] = "-drive"
INFO         | 	 argv[41] = "if=none,index=4,id=vendor,if=none,file=C:\Android\system-images\android-36\google-tv\x86_64\\vendor.img,read-only"
INFO         | 	 argv[42] = "-device"
INFO         | 	 argv[43] = "virtio-blk-pci,drive=vendor,modern-pio-notify"
INFO         | 	 argv[44] = "-drive"
INFO         | 	 argv[45] = "if=none,index=5,id=sdcard,if=none,file=C:\Users\Админ\.android\avd\..\avd\Television_1080p.avd\sdcard.img.qcow2,overlap-check=none,cache=unsafe,l2-cache-size=1048576"
INFO         | 	 argv[46] = "-device"
INFO         | 	 argv[47] = "virtio-blk-pci,drive=sdcard,modern-pio-notify"
INFO         | 	 argv[48] = "-netdev"
INFO         | 	 argv[49] = "user,id=mynet"
INFO         | 	 argv[50] = "-device"
INFO         | 	 argv[51] = "virtio-net-pci,netdev=mynet"
INFO         | 	 argv[52] = "-chardev"
INFO         | 	 argv[53] = "null,id=forhvc0"
INFO         | 	 argv[54] = "-chardev"
INFO         | 	 argv[55] = "null,id=forhvc1"
INFO         | 	 argv[56] = "-device"
INFO         | 	 argv[57] = "virtio-serial-pci,ioeventfd=off"
INFO         | 	 argv[58] = "-device"
INFO         | 	 argv[59] = "virtconsole,chardev=forhvc0"
INFO         | 	 argv[60] = "-device"
INFO         | 	 argv[61] = "virtconsole,chardev=forhvc1"
INFO         | 	 argv[62] = "-chardev"
INFO         | 	 argv[63] = "netsim,id=uwb"
INFO         | 	 argv[64] = "-device"
INFO         | 	 argv[65] = "virtconsole,chardev=uwb,name=uwb"
INFO         | 	 argv[66] = "-chardev"
INFO         | 	 argv[67] = "netsim,id=bluetooth"
INFO         | 	 argv[68] = "-device"
INFO         | 	 argv[69] = "virtserialport,chardev=bluetooth,name=bluetooth"
INFO         | 	 argv[70] = "-device"
INFO         | 	 argv[71] = "virtio-serial,ioeventfd=off"
INFO         | 	 argv[72] = "-chardev"
INFO         | 	 argv[73] = "socket,port=50205,host=::1,nowait,nodelay,reconnect=10,ipv6,id=modem"
INFO         | 	 argv[74] = "-device"
INFO         | 	 argv[75] = "virtserialport,chardev=modem,name=modem"
INFO         | 	 argv[76] = "-device"
INFO         | 	 argv[77] = "virtio-rng-pci"
INFO         | 	 argv[78] = "-show-cursor"
INFO         | 	 argv[79] = "-device"
INFO         | 	 argv[80] = "virtio-keyboard-pci"
INFO         | 	 argv[81] = "-netdev"
INFO         | 	 argv[82] = "user,id=virtio-wifi,dhcpstart=10.0.2.16"
INFO         | 	 argv[83] = "-device"
INFO         | 	 argv[84] = "virtio-wifi-pci,netdev=virtio-wifi"
INFO         | 	 argv[85] = "-device"
INFO         | 	 argv[86] = "virtio-vsock-pci,guest-cid=77"
INFO         | 	 argv[87] = "-L"
INFO         | 	 argv[88] = "C:\Android\emulator/lib/pc-bios"
INFO         | 	 argv[89] = "-soundhw"
INFO         | 	 argv[90] = "virtio-snd-pci"
INFO         | 	 argv[91] = "-vga"
INFO         | 	 argv[92] = "none"
INFO         | 	 argv[93] = "-append"
INFO         | 	 argv[94] = "8250.nr_uarts=1 clocksource=pit no_timer_check console=0 loop.max_part=7 ramoops.mem_address=0xff018000 ramoops.mem_size=0x10000 memmap=0x10000$0xff018000 printk.devkmsg=on bootconfig"
INFO         | 	 argv[95] = "-android-hw"
INFO         | 	 argv[96] = "C:\Users\Админ\.android\avd\..\avd\Television_1080p.avd\hardware-qemu.ini"
INFO         | Concatenated QEMU options: C:\Android\emulator\qemu\windows-x86_64\qemu-system-x86_64.exe -dns-server 8.8.8.8 -mem-path C:\Users\Админ\.android\avd\Television_1080p.avd\snapshots\default_boot\ram.img -mem-file-shared -serial null -device goldfish_pstore,addr=0xff018000,size=0x10000,file=C:\Users\Админ\.android\avd\..\avd\Television_1080p.avd\data\misc\pstore\pstore.bin -cpu android64 -enable-whpx -smp cores=4 -m 2048 -lcd-density 320 -nodefaults -kernel C:\Android\system-images\android-36\google-tv\x86_64\\kernel-ranchu -initrd C:\Users\Админ\.android\avd\..\avd\Television_1080p.avd\initrd -drive if=none,index=0,id=system,if=none,file=C:\Android\system-images\android-36\google-tv\x86_64\\system.img,read-only -device virtio-blk-pci,drive=system,modern-pio-notify -drive if=none,index=1,id=cache,if=none,file=C:\Users\Админ\.android\avd\..\avd\Television_1080p.avd\cache.img.qcow2,overlap-check=none,cache=unsafe,l2-cache-size=1048576 -device virtio-blk-pci,drive=cache,modern-pio-notify -drive if=none,index=2,id=userdata,if=none,file=C:\Users\Админ\.android\avd\..\avd\Television_1080p.avd\userdata-qemu.img.qcow2,overlap-check=none,cache=unsafe,l2-cache-size=1048576 -device virtio-blk-pci,drive=userdata,modern-pio-notify -drive if=none,index=3,id=encrypt,if=none,file=C:\Users\Админ\.android\avd\..\avd\Television_1080p.avd\encryptionkey.img.qcow2,overlap-check=none,cache=unsafe,l2-cache-size=1048576 -device virtio-blk-pci,drive=encrypt,modern-pio-notify -drive if=none,index=4,id=vendor,if=none,file=C:\Android\system-images\android-36\google-tv\x86_64\\vendor.img,read-only -device virtio-blk-pci,drive=vendor,modern-pio-notify -drive if=none,index=5,id=sdcard,if=none,file=C:\Users\Админ\.android\avd\..\avd\Television_1080p.avd\sdcard.img.qcow2,overlap-check=none,cache=unsafe,l2-cache-size=1048576 -device virtio-blk-pci,drive=sdcard,modern-pio-notify -netdev user,id=mynet -device virtio-net-pci,netdev=mynet -chardev null,id=forhvc0 -chardev null,id=forhvc1 -device virtio-serial-pci,ioeventfd=off -device virtconsole,chardev=forhvc0 -device virtconsole,chardev=forhvc1 -chardev netsim,id=uwb -device virtconsole,chardev=uwb,name=uwb -chardev netsim,id=bluetooth -device virtserialport,chardev=bluetooth,name=bluetooth -device virtio-serial,ioeventfd=off -chardev socket,port=50205,host=::1,nowait,nodelay,reconnect=10,ipv6,id=modem -device virtserialport,chardev=modem,name=modem -device virtio-rng-pci -show-cursor -device virtio-keyboard-pci -netdev user,id=virtio-wifi,dhcpstart=10.0.2.16 -device virtio-wifi-pci,netdev=virtio-wifi -device virtio-vsock-pci,guest-cid=77 -L C:\Android\emulator/lib/pc-bios -soundhw virtio-snd-pci -vga none -append "8250.nr_uarts=1 clocksource=pit no_timer_check console=0 loop.max_part=7 ramoops.mem_address=0xff018000 ramoops.mem_size=0x10000 memmap=0x10000$0xff018000 printk.devkmsg=on bootconfig" -android-hw C:\Users\Админ\.android\avd\..\avd\Television_1080p.avd\hardware-qemu.ini
DEBUG   | Android qemu version 37.1.11.0 (build_id 15917651) (CL:N/A)
DEBUG   | Starting QEMU main loop
DEBUG   | android_fopen: Failed to open /qemu.conf, err: 2
DEBUG   | registered 'boot-properties' qemud service
DEBUG   | Adding boot property: 'ro.opengles.version' = '196608'
DEBUG   | Adding boot property: 'qemu.sf.fake_camera' = 'front'
DEBUG   | Adding boot property: 'dalvik.vm.heapsize' = '512m'
DEBUG   | Adding boot property: 'qemu.hw.mainkeys' = '1'
DEBUG   | Adding boot property: 'qemu.sf.lcd_density' = '320'
WHPX on Windows 10.0.19045 detected.
Windows Hypervisor Platform accelerator is operational
DEBUG   | control console listening on port 5554, ADB on port 5555
DEBUG   | goldfish_events.have-dpad: true
DEBUG   | goldfish_events.have-trackball: false
DEBUG   | goldfish_events.have-camera: true
DEBUG   | goldfish_events.have-keyboard: false
DEBUG   | goldfish_events.have-lidswitch: true
DEBUG   | goldfish_events.have-tabletmode: false
DEBUG   | goldfish_events.have-touch: false
DEBUG   | goldfish_events.have-multitouch: false
DEBUG   | Adding boot property: 'net.wifi_mac_prefix' = '5554'
INFO         | Monitoring duration of emulator setup.
DEBUG   | Adding boot property: 'qemu.timezone' = 'Unknown/Unknown'
DEBUG   | android_hw_fingerprint_init: fingerprint qemud listen service initialized
WARNING      | The emulator now requires a signed jwt token for gRPC access! Use the -grpc flag if you really want an open unprotected grpc port
INFO         | Using security allow list from: C:\Android\emulator\lib\emulator_access.json
INFO         | The active JSON Web Key Sets can be found here: C:\Users\Админ\AppData\Local\Temp\avd\running\3084\jwks\04b73074-0bb0-409e-8cfe-119261863930\active.jwk
INFO         | Scanning C:\Users\Админ\AppData\Local\Temp\avd\running\3084\jwks\04b73074-0bb0-409e-8cfe-119261863930 for jwk keys.
INFO         | Started GRPC server at 127.0.0.1:8554, security: Local, auth: +token
INFO         | Advertising in: C:\Users\Админ\AppData\Local\Temp\avd\running\pid_3084.ini
INFO         | Activated packet streamer for bluetooth emulation
INFO         | Activated packet streamer for uwb emulation
INFO         | Successfully initialized netsim WiFi
DEBUG   | emulator_window_fb_rotate
DEBUG   | CMD_SET_DISPLAY_CONFIGS
INFO         | Setting display: 0 configuration to: 1920x1080, dpi: 320x320 
DEBUG   | CMD_SET_DISPLAY_ACTIVE_CONFIG
DEBUG   | setDisplayPose 0 x 0 y 0 w 1920 h 1080 dpi 0
INFO         | setDisplayActiveConfig: id:0, 1920x1080
DEBUG   | Adjusting window size by 0.5x for hw_lcd_density
DEBUG   | adisplay_init: Creating skin display surface 1920x1080
DEBUG   | Path:C:\Android\platform-tools\adb.exe protocol version: 41
DEBUG   | Path:C:\Android\platform-tools\adb.exe protocol version: 41
DEBUG   | Found: 2 adb executables
DEBUG   | Adb: C:\Android\platform-tools\adb.exe
DEBUG   | Adb: C:\Android\platform-tools\adb.exe
DEBUG   | Path:C:\Android\platform-tools\adb.exe protocol version: 41
DEBUG   | Path:C:\Android\platform-tools\adb.exe protocol version: 41
INFO         | Checking system compatibility:
INFO         |   Checking: hasCompatibleHypervisor
INFO         |      Ok: Hypervisor compatibility to run avd: `Television_1080p` are met
INFO         |   Checking: hasSufficientSystem
INFO         |      Ok: System requirements to run avd: `Television_1080p` are met
INFO         |   Checking: hasSufficientHwGpu
INFO         |      Ok: Hardware GPU compatibility checks are not required
INFO         |   Checking: hasSufficientDiskSpace
INFO         |      Ok: Disk space requirements to run avd: `Television_1080p` are met
DEBUG   | Sending CMD_REPAINT to reposting thread
DEBUG   | Sending CMD_REPAINT to reposting thread
DEBUG   | Reposting thread dequeueing a CMD_REPAINT
DEBUG   | Sending CMD_REPAINT to reposting thread
DEBUG   | Reposting framebuffer.
DEBUG   | No repost: no last posted color buffer
DEBUG   | Reposting thread dequeueing a CMD_REPAINT
DEBUG   | Reposting framebuffer.
DEBUG   | No repost: no last posted color buffer
DEBUG   | Reposting thread dequeueing a CMD_REPAINT
DEBUG   | Reposting framebuffer.
DEBUG   | No repost: no last posted color buffer
DEBUG   | Begin setupSubWindow
DEBUG   | Exit setupSubWindow (successful setup)
DEBUG   | Begin setupSubWindow
DEBUG   | Exit setupSubWindow (nothing to do)
DEBUG   | android::virtualscene::parsePostersFile: Loaded poster wall at (-0.807000, 0.320000, 5.316000)
DEBUG   | android::virtualscene::parsePostersFile: Loaded poster table at (-2.205000, -0.077000, 3.949000)
DEBUG   | config multidisplay with config.ini 0x0 0x0 0x0
DEBUG   | ver_initialize: Setting search paths with 2 entries
INFO         | emulatorSetupEnvironment: Environment scene is not required
DEBUG   | No acpi ini file provided, using default
DEBUG   | call repost from subWindowRepaint callback
DEBUG   | Reposting framebuffer.
DEBUG   | No repost: no last posted color buffer
DEBUG   | added one RIL client
DEBUG   | Crash info: hw.gpu.enabled=yes
DEBUG   | Crash info: hw.cpu.ncore=4
DEBUG   | Crash info: avd_space=0
DEBUG   | Crash info: disk.dataPartition.size=6G
DEBUG   | Crash info: hw.sensor.hinge=?
DEBUG   | Crash info: hw.gpu.mode=auto
DEBUG   | Crash info: hw.lcd.height=1080
DEBUG   | Crash info: hw.ramSize=2048
DEBUG   | Crash info: hw.lcd.width=1920
DEBUG   | Crash info: PlayStore.enabled=false
DEBUG   | Crash info: cpu_cores=24
DEBUG   | Crash info: free_ram=7483
DEBUG   | Crash info: ro.build.fingerprint=google/sdk_google_atv64_amati_x86_64/emu64xa:16/BT2A.260319.001/15058170:user/dev-keys
DEBUG   | Crash info: sessionId=
USER_INFO    | Emulator is performing a full startup. This may take upto two minutes, or more.
INFO         | Warning: QMetaObject::connectSlotsByName: No matching signal for on_rgbcSensorValueWidget_valueChanged() (:0, )
INFO         | Warning: QMetaObject::connectSlotsByName: No matching signal for on_posture_valueChanged(int) (:0, )
INFO         | TouchpadHolder: registering via hw_xr_led agent for instance=000001D4F21683D0
INFO         | Warning: QObject::connect: Cannot queue arguments of type 'std::vector<android::emulation::control::SnapshotInfo>'
(Make sure 'std::vector<android::emulation::control::SnapshotInfo>' is registered using qRegisterMetaType().) (:0, )
INFO         | AVD supportsNativeGLES=1, supportsGuestAngle=1
INFO         | Guest Angle is still unstable for API > 35.
INFO         | Created extended window in 461.953ms
DEBUG   | Begin setupSubWindow
DEBUG   | Exit setupSubWindow (successful setup)
DEBUG   | Begin setupSubWindow
DEBUG   | Exit setupSubWindow (nothing to do)
DEBUG   | Sending CMD_REPAINT to reposting thread
DEBUG   | Reposting thread dequeueing a CMD_REPAINT
DEBUG   | Reposting framebuffer.
DEBUG   | No repost: no last posted color buffer
DEBUG   | call repost from subWindowRepaint callback
DEBUG   | Reposting framebuffer.
DEBUG   | No repost: no last posted color buffer
DEBUG   | Begin setupSubWindow
DEBUG   | Exit setupSubWindow (nothing to do)
DEBUG   | Begin setupSubWindow
DEBUG   | Exit setupSubWindow (nothing to do)
DEBUG   | Begin setupSubWindow
DEBUG   | Exit setupSubWindow (nothing to do)
DEBUG   | No acpi ini file provided, using default
INFO         | Critical: UpdateLayeredWindowIndirect failed for ptDst=(272, 100), size=(700x21), dirty=(700x84 0, 0) (Присоединенное к системе устройство не работает.) (:0, )
INFO         | Critical: UpdateLayeredWindowIndirect failed for ptDst=(272, 100), size=(700x21), dirty=(700x21 0, 0) (Присоединенное к системе устройство не работает.) (:0, )
DEBUG   | Started new RenderThread (total 1) @000001D4F18D4ED0
DEBUG   | Started new RenderThread (total 2) @000001D46E355F50
DEBUG   | ColorBuffer 3, 1x1, VK_FORMAT_R8G8B8A8_UNORM, Memory [size: 32, type: 0, props: 15 / 1]
DEBUG   | Started new RenderThread (total 3) @000001D46E355D90
DEBUG   | Started new RenderThread (total 4) @000001D46E356030
DEBUG   | setDisplayPose 0 x -1 y -1 w 1920 h 1080 dpi 320
DEBUG   | ColorBuffer 4, 1920x1080, VK_FORMAT_R8G8B8A8_UNORM, Memory [size: 8294416, type: 0, props: 15 / 1]
DEBUG   | ColorBuffer 5, 1920x1080, VK_FORMAT_R8G8B8A8_UNORM, Memory [size: 8294416, type: 0, props: 15 / 1]
DEBUG   | ColorBuffer 6, 1920x1080, VK_FORMAT_R8G8B8A8_UNORM, Memory [size: 8294416, type: 0, props: 15 / 1]
DEBUG   | Started new RenderThread (total 5) @000001D46E43B950
DEBUG   | ColorBuffer 7, 1920x1080, VK_FORMAT_R8G8B8A8_UNORM, Memory [size: 8294416, type: 0, props: 15 / 1]
DEBUG   | ColorBuffer 8, 1920x1080, VK_FORMAT_R8G8B8A8_UNORM, Memory [size: 8294416, type: 0, props: 15 / 1]
DEBUG   | ColorBuffer 9, 128x128, VK_FORMAT_R8G8B8A8_UNORM, Memory [size: 65552, type: 0, props: 15 / 1]
DEBUG   | ColorBuffer 10, 128x128, VK_FORMAT_R8G8B8A8_UNORM, Memory [size: 65552, type: 0, props: 15 / 1]
DEBUG   | Started new RenderThread (total 6) @000001D46DF086B0
DEBUG   | Started new RenderThread (total 7) @000001D46E43B410
DEBUG   | Started new RenderThread (total 8) @000001D46E43B6B0
DEBUG   | ColorBuffer 12, 1920x1080, VK_FORMAT_R8G8B8A8_UNORM, Memory [size: 8294416, type: 0, props: 15 / 1]
DEBUG   | ColorBuffer 14, 1920x1080, VK_FORMAT_R8G8B8A8_UNORM, Memory [size: 8294416, type: 0, props: 15 / 1]
DEBUG   | ColorBuffer 15, 1920x1080, VK_FORMAT_R8G8B8A8_UNORM, Memory [size: 8294416, type: 0, props: 15 / 1]
DEBUG   | ColorBuffer 18, 128x128, VK_FORMAT_R8G8B8A8_UNORM, Memory [size: 65552, type: 0, props: 15 / 1]
DEBUG   | ColorBuffer 19, 128x128, VK_FORMAT_R16G16B16A16_SFLOAT, Memory [size: 131088, type: 0, props: 15 / 1]
DEBUG   | Started new RenderThread (total 9) @000001D4F0DCB670
DEBUG   | ColorBuffer 22, 1x1, VK_FORMAT_R8G8B8A8_UNORM, Memory [size: 32, type: 0, props: 15 / 1]
DEBUG   | Started new RenderThread (total 10) @000001D4F18D5170
DEBUG   | ColorBuffer 23, 1920x1080, VK_FORMAT_R8G8B8A8_UNORM, Memory [size: 8294416, type: 0, props: 15 / 1]
DEBUG   | ColorBuffer 25, 1920x1080, VK_FORMAT_R8G8B8A8_UNORM, Memory [size: 8294416, type: 0, props: 15 / 1]
DEBUG   | ColorBuffer 26, 1920x1080, VK_FORMAT_R8G8B8A8_UNORM, Memory [size: 8294416, type: 0, props: 15 / 1]
DEBUG   | Started new RenderThread (total 11) @000001D46E355E70
DEBUG   | ColorBuffer 29, 1x1, VK_FORMAT_R8G8B8A8_UNORM, Memory [size: 32, type: 0, props: 15 / 1]
DEBUG   | Started new RenderThread (total 12) @000001D46E43B5D0
DEBUG   | ColorBuffer 30, 128x128, VK_FORMAT_R8G8B8A8_UNORM, Memory [size: 65552, type: 0, props: 15 / 1]
DEBUG   | ColorBuffer 32, 128x128, VK_FORMAT_R8G8B8A8_UNORM, Memory [size: 65552, type: 0, props: 15 / 1]
DEBUG   | Waiting for exit signal RenderThread @000001D46E43B410
DEBUG   | Waiting for exit signal RenderThread @000001D46E43B6B0
INFO         | Boot completed in 45223 ms
INFO         | Increasing screen off timeout, logcat buffer size to 2M.
DEBUG   | Exited a RenderThread @000001D46E43B410
DEBUG   | Exited a RenderThread @000001D46E43B6B0
DEBUG   | Started new RenderThread (total 11) @000001D46E356110
DEBUG   | ColorBuffer 35, 1x1, VK_FORMAT_R8G8B8A8_UNORM, Memory [size: 32, type: 0, props: 15 / 1]
DEBUG   | Started new RenderThread (total 12) @000001D4F0DCB210
DEBUG   | ColorBuffer 36, 1920x1080, VK_FORMAT_R8G8B8A8_UNORM, Memory [size: 8294416, type: 0, props: 15 / 1]
DEBUG   | ColorBuffer 38, 1920x1080, VK_FORMAT_R8G8B8A8_UNORM, Memory [size: 8294416, type: 0, props: 15 / 1]
DEBUG   | ColorBuffer 39, 1920x1080, VK_FORMAT_R8G8B8A8_UNORM, Memory [size: 8294416, type: 0, props: 15 / 1]
DEBUG   | Started new RenderThread (total 13) @000001D46E43B6B0
DEBUG   | Started new RenderThread (total 14) @000001D46E355AF0
DEBUG   | ColorBuffer 40, 1920x1080, VK_FORMAT_R8G8B8A8_UNORM, Memory [size: 8294416, type: 0, props: 15 / 1]
DEBUG   | Started new RenderThread (total 15) @000001D46E355CB0
DEBUG   | ColorBuffer 43, 1x1, VK_FORMAT_R8G8B8A8_UNORM, Memory [size: 32, type: 0, props: 15 / 1]
DEBUG   | Started new RenderThread (total 16) @000001D46E43B410
DEBUG   | Started new RenderThread (total 17) @000001D4F0DCB130
DEBUG   | ColorBuffer 48, 1x1, VK_FORMAT_R8G8B8A8_UNORM, Memory [size: 32, type: 0, props: 15 / 1]
DEBUG   | ColorBuffer 49, 478x239, VK_FORMAT_R8G8B8A8_UNORM, Memory [size: 458896, type: 0, props: 15 / 1]
DEBUG   | ColorBuffer 51, 478x239, VK_FORMAT_R8G8B8A8_UNORM, Memory [size: 458896, type: 0, props: 15 / 1]
DEBUG   | ColorBuffer 52, 478x239, VK_FORMAT_R8G8B8A8_UNORM, Memory [size: 458896, type: 0, props: 15 / 1]
DEBUG   | ColorBuffer 53, 497x253, VK_FORMAT_R8G8B8A8_UNORM, Memory [size: 505984, type: 0, props: 15 / 1]
DEBUG   | ColorBuffer 55, 497x253, VK_FORMAT_R8G8B8A8_UNORM, Memory [size: 505984, type: 0, props: 15 / 1]
DEBUG   | ColorBuffer 56, 497x253, VK_FORMAT_R8G8B8A8_UNORM, Memory [size: 505984, type: 0, props: 15 / 1]
DEBUG   | Started new RenderThread (total 18) @000001D4F18D4FB0
DEBUG   | ColorBuffer 59, 1x1, VK_FORMAT_R5G6B5_UNORM_PACK16, Memory [size: 32, type: 0, props: 15 / 1]
DEBUG   | ColorBuffer 62, 1x1, VK_FORMAT_R5G6B5_UNORM_PACK16, Memory [size: 32, type: 0, props: 15 / 1]
DEBUG   | ColorBuffer 65, 1x1, VK_FORMAT_R5G6B5_UNORM_PACK16, Memory [size: 32, type: 0, props: 15 / 1]
DEBUG   | ColorBuffer 68, 1x1, VK_FORMAT_R5G6B5_UNORM_PACK16, Memory [size: 32, type: 0, props: 15 / 1]
DEBUG   | ColorBuffer 71, 1x1, VK_FORMAT_R8G8B8A8_UNORM, Memory [size: 32, type: 0, props: 15 / 1]
DEBUG   | ColorBuffer 74, 1x1, VK_FORMAT_R8G8B8A8_UNORM, Memory [size: 32, type: 0, props: 15 / 1]
DEBUG   | ColorBuffer 77, 1x1, VK_FORMAT_R8G8B8A8_UNORM, Memory [size: 32, type: 0, props: 15 / 1]
DEBUG   | ColorBuffer 80, 1x1, VK_FORMAT_R8G8B8A8_UNORM, Memory [size: 32, type: 0, props: 15 / 1]
DEBUG   | ColorBuffer 83, 1x1, VK_FORMAT_R8G8B8A8_UNORM, Memory [size: 32, type: 0, props: 15 / 1]
DEBUG   | ColorBuffer 86, 1x1, VK_FORMAT_R8G8B8A8_UNORM, Memory [size: 32, type: 0, props: 15 / 1]
DEBUG   | ColorBuffer 89, 1x1, VK_FORMAT_R8G8B8A8_UNORM, Memory [size: 32, type: 0, props: 15 / 1]
DEBUG   | ColorBuffer 92, 1x1, VK_FORMAT_R8G8B8A8_UNORM, Memory [size: 32, type: 0, props: 15 / 1]
DEBUG   | ColorBuffer 95, 1x1, VK_FORMAT_R8G8B8A8_UNORM, Memory [size: 32, type: 0, props: 15 / 1]
DEBUG   | ColorBuffer 98, 1x1, VK_FORMAT_R8G8B8A8_UNORM, Memory [size: 32, type: 0, props: 15 / 1]
DEBUG   | Waiting for exit signal RenderThread @000001D46E355E70
DEBUG   | Exited a RenderThread @000001D46E355E70
DEBUG   | Started new RenderThread (total 18) @000001D528220EA0
DEBUG   | ColorBuffer 101, 32x32, VK_FORMAT_R8G8B8A8_UNORM, Memory [size: 4112, type: 0, props: 15 / 1]
DEBUG   | Started new RenderThread (total 19) @000001D528221140
DEBUG   | ColorBuffer 104, 32x32, VK_FORMAT_R8G8B8A8_UNORM, Memory [size: 4112, type: 0, props: 15 / 1]
DEBUG   | ColorBuffer 107, 32x32, VK_FORMAT_R8G8B8A8_UNORM, Memory [size: 4112, type: 0, props: 15 / 1]
DEBUG   | Waiting for exit signal RenderThread @000001D4F0DCB130
DEBUG   | Waiting for exit signal RenderThread @000001D4F0DCB670
DEBUG   | Waiting for exit signal RenderThread @000001D46E355CB0
DEBUG   | call repost from subWindowRepaint callback
DEBUG   | Reposting framebuffer.
DEBUG   | Has last posted colorbuffer and is initialized; post.
DEBUG   | call repost from subWindowRepaint callback
DEBUG   | Reposting framebuffer.
DEBUG   | Has last posted colorbuffer and is initialized; post.
DEBUG   | call repost from subWindowRepaint callback
DEBUG   | Reposting framebuffer.
DEBUG   | Has last posted colorbuffer and is initialized; post.
DEBUG   | call repost from subWindowRepaint callback
DEBUG   | Reposting framebuffer.
DEBUG   | Has last posted colorbuffer and is initialized; post.
WARNING      | Netsim Wifi ipv6:%5B::1%5D:50229 is gone due to Stream removed (WSAGetOverlappedResult: Connection reset (An existing connection was forcibly closed by the remote host.
 -- 10054))
INFO         | emuDirName: 'C:\Android\emulator'
INFO         | try dir C:\Android\emulator
INFO         | Trying emulator path 'C:\Android\emulator\qemu\windows-x86_64\qemu-system-x86_64.exe'
INFO         | Found target-specific 64-bit emulator binary: C:\Android\emulator\qemu\windows-x86_64\qemu-system-x86_64.exe
INFO         | Adding library search path: 'C:\Android\emulator\lib64'
INFO         | Adding library search path: 'C:\Android\emulator\lib64\gles_swiftshader'
INFO         | Adding library search path: 'C:\Android\emulator\lib64\vulkan'
INFO         | Quoted param: [C:\Android\emulator\qemu\windows-x86_64\qemu-system-x86_64.exe]
INFO         | Quoted param: [-avd]
INFO         | Quoted param: [Television_1080p]
INFO         | Quoted param: [-no-snapshot-load]
INFO         | Quoted param: [-gpu]
INFO         | Quoted param: [swiftshader_indirect]
INFO         | Quoted param: [-verbose]
DEBUG   | emulator: Running :C:\Android\emulator\qemu\windows-x86_64\qemu-system-x86_64.exe
DEBUG   | qemu backend: argv[00] = "C:\Android\emulator\qemu\windows-x86_64\qemu-system-x86_64.exe"
DEBUG   | qemu backend: argv[01] = "-avd"
DEBUG   | qemu backend: argv[02] = "Television_1080p"
DEBUG   | qemu backend: argv[03] = "-no-snapshot-load"
DEBUG   | qemu backend: argv[04] = "-gpu"
DEBUG   | qemu backend: argv[05] = "swiftshader_indirect"
DEBUG   | qemu backend: argv[06] = "-verbose"
DEBUG   | Concatenated backend parameters:  C:\Android\emulator\qemu\windows-x86_64\qemu-system-x86_64.exe -avd Television_1080p -no-snapshot-load -gpu swiftshader_indirect -verbose
DEBUG   | Saving state on exit with session uptime 238851 ms
INFO         | Wait for emulator (pid 3084) 20 seconds to shutdown gracefully before kill;you can set environment variable ANDROID_EMULATOR_WAIT_TIME_BEFORE_KILL(in seconds) to change the default value (20 seconds)

INFO         | Wait for emulator (pid 3084) 20 seconds to shutdown gracefully before kill;you can set environment variable ANDROID_EMULATOR_WAIT_TIME_BEFORE_KILL(in seconds) to change the default value (20 seconds)

DEBUG   | call repost from subWindowRepaint callback
DEBUG   | Reposting framebuffer.
DEBUG   | Has last posted colorbuffer and is initialized; post.
DEBUG   | 000001D51EA55370: texture data 000001D45435F0A0 does not need restore
DEBUG   | 000001D51EA55370: texture data 000001D529F896F0 does not need restore
DEBUG   | 000001D51EA55370: texture data 000001D528BAA7A0 does not need restore
DEBUG   | 000001D51EA55370: texture data 000001D528BA9A90 does not need restore
DEBUG   | 000001D51EA55370: texture data 000001D45435F200 does not need restore
DEBUG   | 000001D51EA55370: texture data 000001D45435EE90 does not need restore
DEBUG   | 000001D51EA55370: texture data 000001D4F6DF7E80 does not need restore
DEBUG   | 000001D51EA55370: texture data 000001D4F6DF7D20 does not need restore
DEBUG   | 000001D51EA55370: texture data 000001D4F6DF8610 does not need restore
DEBUG   | 000001D51EA55370: texture data 000001D4F6DF88D0 does not need restore
DEBUG   | 000001D51EA55370: texture data 000001D4F6DF7F30 does not need restore
DEBUG   | 000001D51EA55370: texture data 000001D4F6DF8400 does not need restore
DEBUG   | 000001D51EA55370: texture data 000001D4F6DF8140 does not need restore
DEBUG   | 000001D51EA55370: texture data 000001D529F89BC0 does not need restore
DEBUG   | 000001D51EA55370: texture data 000001D529F88D50 does not need restore
DEBUG   | 000001D51EA55370: texture data 000001D529F89220 does not need restore
DEBUG   | 000001D51EA55370: texture data 000001D529F89640 does not need restore
DEBUG   | 000001D51EA55370: texture data 000001D529F894E0 does not need restore
DEBUG   | 000001D51EA55370: texture data 000001D529F890C0 does not need restore
DEBUG   | 000001D51EA55370: texture data 000001D529F89B10 does not need restore
DEBUG   | 000001D4F2371ED0: texture data 000001D51B0490B0 does not need restore
DEBUG   | 000001D4F2371ED0: texture data 000001D4F27F6740 does not need restore
DEBUG   | 000001D4F2371ED0: texture data 000001D4F27F70E0 does not need restore
DEBUG   | 000001D4F2371ED0: texture data 000001D46DE28940 does not need restore
DEBUG   | 000001D4F2371ED0: texture data 000001D46DE2B960 does not need restore
DEBUG   | 000001D4F2371ED0: texture data 000001D46DE2BB70 does not need restore
DEBUG   | 000001D4F2371ED0: texture data 000001D46DE32EF0 does not need restore
DEBUG   | 000001D4F2371ED0: texture data 000001D46DE319A0 does not need restore
DEBUG   | 000001D4F2371ED0: texture data 000001D510665460 does not need restore
DEBUG   | 000001D4F2371ED0: texture data 000001D51DFDEBB0 does not need restore
DEBUG   | 000001D4F2371ED0: texture data 000001D51AFEF5F0 does not need restore
DEBUG   | 000001D4F2371ED0: texture data 000001D51AFEF120 does not need restore
DEBUG   | 000001D4F2371ED0: texture data 000001D52AE462B0 does not need restore
DEBUG   | 000001D4F2371ED0: texture data 000001D515916880 does not need restore
DEBUG   | 000001D4F2371ED0: texture data 000001D515916930 does not need restore
DEBUG   | 000001D4F6313120: texture data 000001D46DE30190 does not need restore
DEBUG   | 000001D4F6313120: texture data 000001D46DE2FAB0 does not need restore
DEBUG   | 000001D4F631EA90: texture data 000001D510709A70 does not need restore
DEBUG   | 000001D4F631EA90: texture data 000001D51070AFC0 does not need restore
DEBUG   | ShareGroup::onSave: 000001D4F1A54160: start saving type 0

DEBUG   | ShareGroup::onSave: 000001D4F1A54160: finish saving type 0

DEBUG   | ShareGroup::onSave: 000001D4F1A54160: start saving type 1

DEBUG   | ShareGroup::onSave: 000001D4F1A54160: finish saving type 1

DEBUG   | ShareGroup::onSave: 000001D4F1A54160: start saving type 2

DEBUG   | ShareGroup::onSave: 000001D4F1A54160: finish saving type 2

DEBUG   | ShareGroup::onSave: 000001D4F1A54160: start saving type 3

DEBUG   | ShareGroup::onSave: 000001D4F1A54160: finish saving type 3

DEBUG   | ShareGroup::onSave: 000001D4F1A54160: start saving type 4

DEBUG   | ShareGroup::onSave: 000001D4F1A54160: finish saving type 4

DEBUG   | ShareGroup::onSave: 000001D4F1A54160: start saving type 5

DEBUG   | ShareGroup::onSave: 000001D4F1A54160: finish saving type 5

DEBUG   | ShareGroup::onSave: 000001D4F1A54160: start saving type 6

DEBUG   | ShareGroup::onSave: 000001D4F1A54160: finish saving type 6

DEBUG   | ShareGroup::onSave: 000001D4F1A54160: start saving type 7

DEBUG   | ShareGroup::onSave: 000001D4F1A54160: finish saving type 7

DEBUG   | ShareGroup::onSave: 000001D4F1A54160: start saving type 8

DEBUG   | ShareGroup::onSave: 000001D4F1A54160: finish saving type 8

DEBUG   | ShareGroup::onSave: 000001D4F1A54160: start saving type 9

DEBUG   | ShareGroup::onSave: 000001D4F1A54160: finish saving type 9

DEBUG   | ShareGroup::onSave: 000001D467C77AD0: start saving type 0

DEBUG   | ShareGroup::onSave: 000001D467C77AD0: finish saving type 0

DEBUG   | ShareGroup::onSave: 000001D467C77AD0: start saving type 1

DEBUG   | ShareGroup::onSave: 000001D467C77AD0: finish saving type 1

DEBUG   | ShareGroup::onSave: 000001D467C77AD0: start saving type 2

DEBUG   | ShareGroup::onSave: 000001D467C77AD0: finish saving type 2

DEBUG   | ShareGroup::onSave: 000001D467C77AD0: start saving type 3

DEBUG   | ShareGroup::onSave: 000001D467C77AD0: finish saving type 3

DEBUG   | ShareGroup::onSave: 000001D467C77AD0: start saving type 4

DEBUG   | ShareGroup::onSave: 000001D467C77AD0: finish saving type 4

DEBUG   | ShareGroup::onSave: 000001D467C77AD0: start saving type 5

DEBUG   | ShareGroup::onSave: 000001D467C77AD0: finish saving type 5

DEBUG   | ShareGroup::onSave: 000001D467C77AD0: start saving type 6

DEBUG   | ShareGroup::onSave: 000001D467C77AD0: finish saving type 6

DEBUG   | ShareGroup::onSave: 000001D467C77AD0: start saving type 7

DEBUG   | ShareGroup::onSave: 000001D467C77AD0: finish saving type 7

DEBUG   | ShareGroup::onSave: 000001D467C77AD0: start saving type 8

DEBUG   | ShareGroup::onSave: 000001D467C77AD0: finish saving type 8

DEBUG   | ShareGroup::onSave: 000001D467C77AD0: start saving type 9

DEBUG   | ShareGroup::onSave: 000001D467C77AD0: finish saving type 9

DEBUG   | ShareGroup::onSave: 000001D46D5673F0: start saving type 0

DEBUG   | ShareGroup::onSave: 000001D46D5673F0: finish saving type 0

DEBUG   | ShareGroup::onSave: 000001D46D5673F0: start saving type 1

DEBUG   | ShareGroup::onSave: 000001D46D5673F0: finish saving type 1

DEBUG   | ShareGroup::onSave: 000001D46D5673F0: start saving type 2

DEBUG   | ShareGroup::onSave: 000001D46D5673F0: finish saving type 2

DEBUG   | ShareGroup::onSave: 000001D46D5673F0: start saving type 3

DEBUG   | ShareGroup::onSave: 000001D46D5673F0: finish saving type 3

DEBUG   | ShareGroup::onSave: 000001D46D5673F0: start saving type 4

DEBUG   | ShareGroup::onSave: 000001D46D5673F0: finish saving type 4

DEBUG   | ShareGroup::onSave: 000001D46D5673F0: start saving type 5

DEBUG   | ShareGroup::onSave: 000001D46D5673F0: finish saving type 5

DEBUG   | ShareGroup::onSave: 000001D46D5673F0: start saving type 6

DEBUG   | ShareGroup::onSave: 000001D46D5673F0: finish saving type 6

DEBUG   | ShareGroup::onSave: 000001D46D5673F0: start saving type 7

DEBUG   | ShareGroup::onSave: 000001D46D5673F0: finish saving type 7

DEBUG   | ShareGroup::onSave: 000001D46D5673F0: start saving type 8

DEBUG   | ShareGroup::onSave: 000001D46D5673F0: finish saving type 8

DEBUG   | ShareGroup::onSave: 000001D46D5673F0: start saving type 9

DEBUG   | ShareGroup::onSave: 000001D46D5673F0: finish saving type 9

DEBUG   | ShareGroup::onSave: 000001D45B9052B0: start saving type 0

DEBUG   | ShareGroup::onSave: 000001D45B9052B0: finish saving type 0

DEBUG   | ShareGroup::onSave: 000001D45B9052B0: start saving type 1

DEBUG   | ShareGroup::onSave: 000001D45B9052B0: finish saving type 1

DEBUG   | ShareGroup::onSave: 000001D45B9052B0: start saving type 2

DEBUG   | ShareGroup::onSave: 000001D45B9052B0: finish saving type 2

DEBUG   | ShareGroup::onSave: 000001D45B9052B0: start saving type 3

DEBUG   | ShareGroup::onSave: 000001D45B9052B0: finish saving type 3

DEBUG   | ShareGroup::onSave: 000001D45B9052B0: start saving type 4

DEBUG   | ShareGroup::onSave: 000001D45B9052B0: finish saving type 4

DEBUG   | ShareGroup::onSave: 000001D45B9052B0: start saving type 5

DEBUG   | ShareGroup::onSave: 000001D45B9052B0: finish saving type 5

DEBUG   | ShareGroup::onSave: 000001D45B9052B0: start saving type 6

DEBUG   | ShareGroup::onSave: 000001D45B9052B0: finish saving type 6

DEBUG   | ShareGroup::onSave: 000001D45B9052B0: start saving type 7

DEBUG   | ShareGroup::onSave: 000001D45B9052B0: finish saving type 7

DEBUG   | ShareGroup::onSave: 000001D45B9052B0: start saving type 8

DEBUG   | ShareGroup::onSave: 000001D45B9052B0: finish saving type 8

DEBUG   | ShareGroup::onSave: 000001D45B9052B0: start saving type 9

DEBUG   | ShareGroup::onSave: 000001D45B9052B0: finish saving type 9

DEBUG   | Sending CMD_REPAINT to reposting thread
DEBUG   | Reposting thread dequeueing a CMD_REPAINT
DEBUG   | Reposting framebuffer.
DEBUG   | Has last posted colorbuffer and is initialized; post.
INFO         | Saving with gfxstream=1
INFO         | Saving snapshot 'default_boot' using 1621 ms
DEBUG   | Waiting for exit signal RenderThread @000001D4F18D4ED0
DEBUG   | Waiting for exit signal RenderThread @000001D46DF086B0
DEBUG   | Waiting for exit signal RenderThread @000001D46E356110
DEBUG   | Waiting for exit signal RenderThread @000001D46E356030
DEBUG   | Waiting for exit signal RenderThread @000001D4F18D5170
DEBUG   | Waiting for exit signal RenderThread @000001D46E43B950
DEBUG   | Waiting for exit signal RenderThread @000001D528220EA0
DEBUG   | Waiting for exit signal RenderThread @000001D46E355AF0
DEBUG   | Waiting for exit signal RenderThread @000001D528221140
DEBUG   | Waiting for exit signal RenderThread @000001D4F0DCB210
DEBUG   | Waiting for exit signal RenderThread @000001D46E43B5D0
DEBUG   | Waiting for exit signal RenderThread @000001D46E43B410
DEBUG   | Exited a RenderThread @000001D4F18D4ED0
DEBUG   | Waiting for exit signal RenderThread @000001D46E355D90
DEBUG   | Waiting for exit signal RenderThread @000001D46E43B6B0
DEBUG   | Waiting for exit signal RenderThread @000001D46E355F50
DEBUG   | Waiting for exit signal RenderThread @000001D4F18D4FB0
DEBUG   | Exited a RenderThread @000001D46E355F50
DEBUG   | Exited a RenderThread @000001D46E355D90
DEBUG   | Exited a RenderThread @000001D46E356030
DEBUG   | Exited a RenderThread @000001D46E43B950
DEBUG   | Exited a RenderThread @000001D46DF086B0
DEBUG   | Exited a RenderThread @000001D4F0DCB670
DEBUG   | Exited a RenderThread @000001D4F18D5170
DEBUG   | Exited a RenderThread @000001D46E43B5D0
DEBUG   | Exited a RenderThread @000001D46E356110
DEBUG   | Exited a RenderThread @000001D4F0DCB210
DEBUG   | Exited a RenderThread @000001D46E43B6B0
DEBUG   | Exited a RenderThread @000001D46E355AF0
DEBUG   | Exited a RenderThread @000001D46E355CB0
DEBUG   | Exited a RenderThread @000001D46E43B410
DEBUG   | Exited a RenderThread @000001D4F0DCB130
DEBUG   | Exited a RenderThread @000001D4F18D4FB0
DEBUG   | Exited a RenderThread @000001D528220EA0
DEBUG   | Exited a RenderThread @000001D528221140
DEBUG   | Error reading from client fd: error
DEBUG   | Done with QEMU main loop
DEBUG   | Uninitializing VirtualSceneManager
INFO         | removeAll
DEBUG   | User configuration saved to C:\Users\Админ\.android\avd\..\avd\Television_1080p.avd\emulator-user.ini
DEBUG   | sending STOP to modem simulator host server
DEBUG   | received exit request from parent process
DEBUG   | waiting for monitor thread to join
DEBUG   | requested to exit now
